is_amazon,star_rating,when_published,word_count,num_found_helpful,has_photo,num_tokens,label,split,num_reviews
1.0,4.0,21.0,29.5,1.5,0.0,4.0,29,train,4.0
0.9230769230769231,4.846153846153846,42.07692307692308,95.46153846153847,1.7692307692307692,0.07692307692307693,13.0,54,train,13.0
0.9411764705882353,4.823529411764706,17.235294117647058,33.411764705882355,2.7058823529411766,0.0,17.0,187,train,17.0
0.8666666666666667,4.666666666666667,22.733333333333334,73.66666666666667,2.466666666666667,0.0,15.0,181,train,15.0
1.0,5.0,5.0,6.0,1.0,0.0,1.0,45,train,1.0
1.0,4.9,16.1,44.5,2.5,0.0,10.0,81,train,10.0
0.8888888888888888,4.777777777777778,9.0,53.77777777777778,0.3333333333333333,0.0,9.0,171,train,9.0
1.0,4.5,20.0,25.5,1.5,0.0,2.0,44,train,2.0
0.8,4.6,28.8,71.2,2.0,0.0,5.0,13,train,5.0
0.07692307692307693,4.846153846153846,33.0,104.15384615384616,2.6153846153846154,0.0,13.0,93,train,13.0
1.0,5.0,28.25,32.25,1.75,0.0,4.0,40,train,4.0
1.0,4.0,0.0,14.5,0.0,0.0,2.0,73,train,2.0
0.5,4.75,9.25,24.75,0.0,0.0,4.0,0,train,4.0
0.9545454545454546,4.863636363636363,15.590909090909092,36.77272727272727,2.0,0.0,22.0,428,train,22.0
0.9,4.6,5.6,28.6,0.4,0.0,10.0,237,train,10.0
0.8,4.6,32.8,39.6,1.2,0.0,5.0,39,train,5.0
0.8571428571428571,5.0,18.285714285714285,79.57142857142857,2.5714285714285716,0.0,7.0,51,train,7.0
0.8333333333333334,5.0,26.833333333333332,133.66666666666666,2.1666666666666665,0.0,6.0,63,train,6.0
1.0,4.5,29.833333333333332,58.5,1.5,0.0,6.0,45,train,6.0
1.0,4.6923076923076925,27.076923076923077,57.38461538461539,3.6923076923076925,0.07692307692307693,13.0,77,train,13.0
0.7142857142857143,5.0,10.571428571428571,79.0,2.0,0.0,7.0,144,train,7.0
1.0,5.0,24.0,69.5,3.0,0.0,2.0,30,train,2.0
1.0,5.0,3.0,27.0,0.0,0.0,1.0,34,train,1.0
0.875,4.75,16.375,54.25,1.0,0.125,8.0,43,train,8.0
1.0,4.5,11.166666666666666,31.833333333333332,1.0,0.0,6.0,70,train,6.0
0.8,4.8,28.4,87.4,1.6,0.0,5.0,22,train,5.0
0.9444444444444444,4.388888888888889,32.888888888888886,55.05555555555556,2.2777777777777777,0.0,18.0,100,train,18.0
1.0,5.0,0.0,50.5,1.5,0.0,2.0,21,train,2.0
1.0,4.0,32.333333333333336,13.333333333333334,1.0,0.0,3.0,44,train,3.0
0.7,5.0,12.0,70.5,2.7,0.0,10.0,59,train,10.0
0.8888888888888888,4.888888888888889,23.0,49.111111111111114,1.2222222222222223,0.0,9.0,93,train,9.0
1.0,5.0,36.166666666666664,77.0,1.5,0.0,6.0,35,train,6.0
0.8928571428571429,4.5,15.107142857142858,37.07142857142857,1.8214285714285714,0.07142857142857142,28.0,167,train,28.0
0.9705882352941176,4.617647058823529,33.970588235294116,43.705882352941174,2.7058823529411766,0.0,34.0,578,train,34.0
1.0,4.9,36.9,76.0,3.5,0.0,10.0,77,train,10.0
0.8571428571428571,4.571428571428571,22.857142857142858,59.285714285714285,3.2857142857142856,0.0,7.0,195,train,7.0
0.75,4.75,19.75,49.25,2.25,0.0,4.0,57,train,4.0
0.75,5.0,6.5,30.75,0.25,0.0,4.0,62,train,4.0
1.0,4.7,23.85,55.35,1.5,0.0,20.0,227,train,20.0
1.0,4.625,24.5,26.0,0.25,0.0,8.0,77,train,8.0
0.6666666666666666,5.0,13.0,34.333333333333336,1.0,0.0,3.0,12,train,3.0
1.0,5.0,20.0,8.0,1.0,0.0,1.0,6,train,1.0
1.0,4.666666666666667,22.666666666666668,55.333333333333336,0.3333333333333333,0.0,3.0,25,train,3.0
0.5,5.0,0.0,63.0,1.5,0.0,2.0,15,train,2.0
0.9375,4.875,12.875,26.6875,1.875,0.0625,16.0,217,train,16.0
0.9130434782608695,4.826086956521739,38.52173913043478,90.56521739130434,1.826086956521739,0.08695652173913043,23.0,117,train,23.0
1.0,5.0,18.0,62.44444444444444,1.1111111111111112,0.0,9.0,115,train,9.0
1.0,5.0,22.0,9.0,1.5,0.0,2.0,21,train,2.0
1.0,5.0,19.4,103.4,1.4,0.0,5.0,14,train,5.0
0.75,5.0,13.5,41.5,0.75,0.0,4.0,22,train,4.0
0.6,5.0,7.0,56.6,1.2,0.0,5.0,21,train,5.0
1.0,4.0,69.25,81.25,2.0,0.0,4.0,10,train,4.0
1.0,5.0,55.75,118.5,7.0,0.0,4.0,43,train,4.0
1.0,4.0,13.0,45.0,2.0,0.0,1.0,69,train,1.0
1.0,4.0,51.0,77.66666666666667,1.3333333333333333,0.0,3.0,13,train,3.0
1.0,4.0,30.0,104.0,7.0,0.0,1.0,17,train,1.0
1.0,5.0,28.125,50.0,3.125,0.0,8.0,117,train,8.0
1.0,4.545454545454546,50.18181818181818,95.81818181818181,2.8181818181818183,0.0,11.0,96,train,11.0
0.8909090909090909,4.9818181818181815,16.618181818181817,52.56363636363636,1.8727272727272728,0.01818181818181818,55.0,330,train,55.0
0.0,5.0,0.3333333333333333,61.666666666666664,0.0,0.0,3.0,39,train,3.0
1.0,5.0,48.0,39.0,2.0,0.0,1.0,32,train,1.0
0.8,5.0,29.6,40.2,0.0,0.0,5.0,33,train,5.0
1.0,5.0,0.5,12.5,0.0,0.0,2.0,29,train,2.0
0.9230769230769231,5.0,18.076923076923077,33.69230769230769,1.2307692307692308,0.07692307692307693,13.0,53,train,13.0
1.0,5.0,35.0,72.0,1.8,0.0,5.0,17,train,5.0
1.0,4.5,25.375,48.625,1.0,0.0,8.0,21,train,8.0
0.8571428571428571,5.0,27.571428571428573,111.85714285714286,1.5714285714285714,0.0,7.0,25,train,7.0
1.0,4.0,33.0,53.5,0.5,0.0,2.0,4,train,2.0
0.75,4.666666666666667,11.416666666666666,64.25,0.5,0.0,12.0,29,train,12.0
1.0,4.6,26.466666666666665,31.0,2.3333333333333335,0.0,15.0,231,train,15.0
0.8,5.0,28.2,39.6,1.0,0.0,5.0,101,train,5.0
0.9444444444444444,4.555555555555555,23.555555555555557,45.44444444444444,1.8888888888888888,0.0,18.0,179,train,18.0
1.0,4.666666666666667,9.333333333333334,35.333333333333336,0.0,0.0,3.0,16,train,3.0
0.85,4.7,21.85,68.9,3.0,0.0,20.0,89,train,20.0
0.8,4.8,33.0,86.2,1.0,0.0,5.0,37,train,5.0
1.0,5.0,8.5,17.5,0.0,0.0,2.0,102,train,2.0
0.8,5.0,12.6,66.0,0.8,0.0,5.0,40,train,5.0
0.0,4.75,1.75,66.5,0.0,0.0,4.0,67,train,4.0
0.875,5.0,17.625,62.5,2.75,0.0,8.0,31,train,8.0
0.9285714285714286,4.857142857142857,29.0,42.0,1.2857142857142858,0.0,14.0,70,train,14.0
0.9411764705882353,5.0,25.529411764705884,57.294117647058826,2.823529411764706,0.0,17.0,200,train,17.0
0.0,4.777777777777778,32.22222222222222,52.77777777777778,2.2222222222222223,0.0,9.0,24,train,9.0
0.8571428571428571,4.857142857142857,7.571428571428571,52.42857142857143,1.4285714285714286,0.0,7.0,116,train,7.0
1.0,4.2,46.0,65.8,0.2,0.0,5.0,22,train,5.0
1.0,5.0,67.0,41.0,0.0,0.0,1.0,1,train,1.0
1.0,5.0,14.666666666666666,52.0,1.6666666666666667,0.0,3.0,15,train,3.0
1.0,4.0,20.666666666666668,79.0,3.0,0.3333333333333333,3.0,41,train,3.0
1.0,5.0,22.0,58.0,4.5,0.0,2.0,30,train,2.0
1.0,4.6,16.4,62.6,3.6,0.0,5.0,126,train,5.0
0.875,5.0,27.125,43.25,0.5,0.0,8.0,19,train,8.0
1.0,5.0,15.727272727272727,22.272727272727273,0.6363636363636364,0.0,11.0,59,train,11.0
1.0,4.285714285714286,32.57142857142857,42.0,1.4285714285714286,0.42857142857142855,7.0,59,train,7.0
1.0,5.0,23.2,27.2,2.4,0.0,5.0,52,train,5.0
1.0,4.6,19.0,23.666666666666668,1.2,0.13333333333333333,15.0,91,train,15.0
1.0,5.0,25.0,12.0,0.0,0.0,1.0,24,train,1.0
0.8,4.6,20.3,73.8,1.2,0.0,10.0,26,train,10.0
1.0,4.2,27.4,37.93333333333333,0.3333333333333333,0.0,15.0,74,train,15.0
1.0,5.0,17.5,46.5,1.5,0.0,2.0,32,train,2.0
0.8571428571428571,5.0,7.142857142857143,53.714285714285715,1.1428571428571428,0.0,7.0,120,train,7.0
0.7777777777777778,4.944444444444445,28.27777777777778,89.05555555555556,3.0555555555555554,0.05555555555555555,18.0,104,train,18.0
1.0,5.0,33.0,97.0,3.25,0.0,4.0,58,train,4.0
0.95,4.85,35.0,47.2,2.1,0.0,20.0,110,train,20.0
1.0,4.888888888888889,18.77777777777778,36.44444444444444,0.2222222222222222,0.0,9.0,60,train,9.0
1.0,5.0,2.0,5.0,1.0,0.0,1.0,53,train,1.0
1.0,5.0,5.5,22.5,2.0,0.0,4.0,107,train,4.0
1.0,5.0,11.0,97.0,0.0,0.0,1.0,18,train,1.0
1.0,5.0,60.0,107.66666666666667,2.0,0.0,3.0,31,train,3.0
0.875,4.875,21.125,27.625,0.625,0.0,8.0,27,train,8.0
0.896551724137931,4.793103448275862,17.517241379310345,46.55172413793103,2.413793103448276,0.034482758620689655,29.0,200,train,29.0
1.0,4.5,44.5,108.0,4.0,0.5,2.0,14,train,2.0
0.8888888888888888,5.0,12.666666666666666,23.333333333333332,1.8888888888888888,0.0,9.0,56,train,9.0
1.0,5.0,1.0,48.0,1.0,0.0,1.0,22,train,1.0
1.0,5.0,24.0,5.0,2.0,0.0,1.0,8,train,1.0
1.0,4.733333333333333,34.13333333333333,43.666666666666664,1.5333333333333334,0.0,15.0,64,train,15.0
1.0,5.0,1.5,10.5,1.0,0.0,2.0,95,train,2.0
0.0,5.0,22.5,41.0,0.0,0.0,2.0,5,train,2.0
1.0,5.0,16.0,35.6,0.2,0.0,5.0,24,train,5.0
1.0,4.0,16.0,63.0,4.0,0.0,1.0,24,train,1.0
0.8181818181818182,4.909090909090909,15.909090909090908,60.0,1.9090909090909092,0.09090909090909091,11.0,68,train,11.0
0.8571428571428571,4.857142857142857,8.714285714285714,60.714285714285715,0.14285714285714285,0.0,7.0,46,train,7.0
1.0,4.923076923076923,23.76923076923077,47.30769230769231,0.6153846153846154,0.0,13.0,163,train,13.0
0.5,5.0,19.5,32.0,4.5,0.0,2.0,14,train,2.0
1.0,5.0,48.25,56.625,2.875,0.0,8.0,154,train,8.0
0.875,5.0,23.5,85.125,2.125,0.125,8.0,18,train,8.0
0.8888888888888888,4.222222222222222,25.0,54.111111111111114,0.4444444444444444,0.0,9.0,81,train,9.0
1.0,5.0,26.0,84.5,4.0,0.0,2.0,36,train,2.0
1.0,4.5,25.4,52.6,0.7,0.0,10.0,53,train,10.0
1.0,4.6,17.4,34.8,0.2,0.6,5.0,25,train,5.0
1.0,5.0,14.0,102.66666666666667,2.3333333333333335,0.0,3.0,13,train,3.0
0.9302325581395349,4.953488372093023,13.488372093023257,49.23255813953488,1.2790697674418605,0.023255813953488372,43.0,629,train,43.0
1.0,4.6923076923076925,18.384615384615383,23.692307692307693,0.3076923076923077,0.0,13.0,49,train,13.0
1.0,5.0,10.0,62.0,2.0,0.0,1.0,8,train,1.0
0.0,4.75,23.25,47.0,1.0,0.0,4.0,24,train,4.0
0.6666666666666666,5.0,5.833333333333333,110.16666666666667,1.3333333333333333,0.0,6.0,38,train,6.0
1.0,4.923076923076923,25.46153846153846,55.69230769230769,2.5384615384615383,0.0,13.0,104,train,13.0
0.8,5.0,25.0,125.8,3.0,0.2,5.0,13,train,5.0
1.0,4.166666666666667,38.833333333333336,55.666666666666664,1.1666666666666667,0.0,6.0,32,train,6.0
0.8571428571428571,5.0,21.428571428571427,54.857142857142854,1.5714285714285714,0.0,7.0,45,train,7.0
0.0,5.0,15.333333333333334,129.33333333333334,1.6666666666666667,0.0,3.0,29,train,3.0
0.9,5.0,5.5,88.1,3.2,0.0,10.0,158,train,10.0
1.0,5.0,49.0,122.0,4.0,0.0,1.0,12,train,1.0
1.0,4.8,14.6,30.0,0.6,0.0,5.0,63,train,5.0
0.9090909090909091,5.0,19.09090909090909,48.90909090909091,2.272727272727273,0.09090909090909091,11.0,96,train,11.0
0.9722222222222222,4.611111111111111,33.25,47.97222222222222,1.3333333333333333,0.0,36.0,143,train,36.0
1.0,4.666666666666667,27.733333333333334,56.13333333333333,1.4666666666666666,0.13333333333333333,15.0,118,train,15.0
1.0,4.666666666666667,48.333333333333336,183.33333333333334,2.0,0.0,3.0,18,train,3.0
0.9333333333333333,4.733333333333333,25.4,49.4,2.933333333333333,0.06666666666666667,15.0,38,train,15.0
0.8,5.0,22.8,24.4,0.0,0.0,5.0,25,train,5.0
0.8333333333333334,4.333333333333333,47.833333333333336,98.16666666666667,0.6666666666666666,0.0,6.0,25,train,6.0
1.0,5.0,28.428571428571427,25.0,0.0,0.0,7.0,35,train,7.0
1.0,5.0,17.4,49.7,2.7,0.0,10.0,74,train,10.0
1.0,4.888888888888889,27.22222222222222,24.0,0.7777777777777778,0.0,9.0,48,train,9.0
0.7692307692307693,5.0,15.461538461538462,46.30769230769231,0.8461538461538461,0.0,13.0,31,train,13.0
1.0,4.6,19.0,33.0,1.8,0.4,5.0,24,train,5.0
1.0,5.0,3.6666666666666665,25.666666666666668,2.3333333333333335,0.3333333333333333,3.0,66,train,3.0
0.8,4.8,0.4,15.2,1.8,0.0,5.0,232,train,5.0
0.8,4.2,21.8,32.4,1.2,0.0,5.0,37,train,5.0
0.9285714285714286,4.857142857142857,44.857142857142854,91.14285714285714,1.6428571428571428,0.07142857142857142,14.0,29,train,14.0
0.9411764705882353,4.823529411764706,23.235294117647058,33.411764705882355,2.7058823529411766,0.0,17.0,150,train,17.0
0.782608695652174,4.782608695652174,19.73913043478261,62.43478260869565,1.6956521739130435,0.0,23.0,200,train,23.0
1.0,5.0,6.5,34.5,0.5,0.0,2.0,35,train,2.0
0.7777777777777778,4.944444444444445,34.27777777777778,89.05555555555556,3.0555555555555554,0.05555555555555555,18.0,68,train,18.0
0.9090909090909091,4.909090909090909,20.181818181818183,52.0,2.272727272727273,0.0,11.0,63,train,11.0
0.8181818181818182,4.818181818181818,12.727272727272727,49.63636363636363,0.2727272727272727,0.0,11.0,189,train,11.0
1.0,4.5,26.0,25.5,1.5,0.0,2.0,33,train,2.0
0.8,4.6,34.8,71.2,2.0,0.0,5.0,11,train,5.0
0.07692307692307693,4.846153846153846,39.0,104.15384615384616,2.6153846153846154,0.0,13.0,57,train,13.0
1.0,5.0,34.25,32.25,1.75,0.0,4.0,70,train,4.0
1.0,4.0,6.0,14.5,0.0,0.0,2.0,68,train,2.0
0.5,4.75,15.25,24.75,0.0,0.0,4.0,22,train,4.0
0.9583333333333334,4.875,20.041666666666668,33.833333333333336,1.8333333333333333,0.0,24.0,345,train,24.0
0.8666666666666667,4.733333333333333,8.533333333333333,36.46666666666667,0.3333333333333333,0.06666666666666667,15.0,256,train,15.0
0.8,4.6,38.8,39.6,1.2,0.0,5.0,26,train,5.0
0.8857142857142857,4.6,20.057142857142857,46.82857142857143,2.142857142857143,0.05714285714285714,35.0,174,train,35.0
0.75,4.25,30.0,30.75,0.75,0.0,4.0,22,train,4.0
0.8571428571428571,4.571428571428571,30.714285714285715,77.28571428571429,1.2857142857142858,0.0,7.0,29,train,7.0
0.9333333333333333,4.733333333333333,29.0,51.0,3.2,0.06666666666666667,15.0,135,train,15.0
0.7142857142857143,5.0,16.571428571428573,79.0,2.0,0.0,7.0,124,train,7.0
1.0,5.0,30.0,69.5,3.0,0.0,2.0,42,train,2.0
1.0,5.0,9.0,27.0,0.0,0.0,1.0,27,train,1.0
0.875,4.75,22.375,54.25,1.0,0.125,8.0,46,train,8.0
1.0,4.571428571428571,15.0,34.857142857142854,0.8571428571428571,0.0,7.0,55,train,7.0
0.8,4.8,34.4,87.4,1.6,0.0,5.0,24,train,5.0
0.9,4.45,35.05,64.05,2.05,0.0,20.0,53,train,20.0
0.6,5.0,5.4,82.6,1.4,0.0,5.0,83,train,5.0
0.7142857142857143,5.0,28.285714285714285,140.85714285714286,1.8571428571428572,0.0,7.0,106,train,7.0
0.6363636363636364,5.0,16.454545454545453,67.18181818181819,2.4545454545454546,0.0,11.0,48,train,11.0
0.9090909090909091,4.909090909090909,24.363636363636363,43.72727272727273,1.0,0.0,11.0,89,train,11.0
1.0,5.0,36.714285714285715,77.85714285714286,1.4285714285714286,0.0,7.0,16,train,7.0
0.8928571428571429,4.5,21.107142857142858,37.07142857142857,1.8214285714285714,0.07142857142857142,28.0,228,train,28.0
0.975609756097561,4.658536585365853,33.63414634146341,37.4390243902439,2.2439024390243905,0.0,41.0,585,train,41.0
1.0,4.9,42.9,76.0,3.5,0.0,10.0,68,train,10.0
0.8,4.7,21.2,66.7,2.4,0.0,10.0,230,train,10.0
0.6,4.8,20.8,62.8,1.8,0.0,5.0,46,train,5.0
0.8,5.0,10.8,29.8,0.2,0.0,5.0,70,train,5.0
0.96,4.76,24.32,54.68,1.28,0.0,25.0,178,train,25.0
0.8888888888888888,4.666666666666667,27.22222222222222,44.0,0.2222222222222222,0.0,9.0,48,train,9.0
0.6666666666666666,5.0,19.0,34.333333333333336,1.0,0.0,3.0,14,train,3.0
0.6666666666666666,5.0,9.333333333333334,53.666666666666664,0.3333333333333333,0.0,3.0,11,train,3.0
1.0,4.666666666666667,28.666666666666668,55.333333333333336,0.3333333333333333,0.0,3.0,20,train,3.0
0.4,4.8,4.8,66.6,1.0,0.0,5.0,115,train,5.0
0.9411764705882353,4.882352941176471,17.88235294117647,25.88235294117647,1.8235294117647058,0.11764705882352941,17.0,226,train,17.0
0.88,4.8,41.2,87.2,1.72,0.08,25.0,83,train,25.0
1.0,5.0,24.0,62.44444444444444,1.1111111111111112,0.0,9.0,74,train,9.0
1.0,4.333333333333333,20.333333333333332,26.666666666666668,1.0,0.0,3.0,20,train,3.0
0.5,5.0,1.5,38.0,1.0,0.0,2.0,39,train,2.0
1.0,5.0,25.4,103.4,1.4,0.0,5.0,24,train,5.0
0.8,5.0,16.6,82.6,0.6,0.0,5.0,35,train,5.0
0.6,5.0,13.0,56.6,1.2,0.0,5.0,26,train,5.0
1.0,4.2,60.2,66.6,1.6,0.0,5.0,13,train,5.0
0.8,5.0,49.6,103.8,5.6,0.0,5.0,31,train,5.0
1.0,4.0,19.0,45.0,2.0,0.0,1.0,52,train,1.0
0.6666666666666666,4.333333333333333,30.333333333333332,77.83333333333333,0.6666666666666666,0.16666666666666666,6.0,11,train,6.0
1.0,4.0,36.0,104.0,7.0,0.0,1.0,9,train,1.0
0.6666666666666666,5.0,1.6666666666666667,58.666666666666664,0.6666666666666666,0.0,3.0,126,train,3.0
1.0,5.0,30.77777777777778,48.111111111111114,2.7777777777777777,0.0,9.0,132,train,9.0
1.0,4.545454545454546,56.18181818181818,95.81818181818181,2.8181818181818183,0.0,11.0,91,train,11.0
0.8813559322033898,4.983050847457627,21.406779661016948,51.932203389830505,1.7627118644067796,0.01694915254237288,59.0,249,train,59.0
0.25,5.0,5.25,49.25,0.25,0.0,4.0,79,train,4.0
1.0,5.0,54.0,39.0,2.0,0.0,1.0,44,train,1.0
0.8571428571428571,4.857142857142857,26.142857142857142,40.857142857142854,0.0,0.0,7.0,33,train,7.0
1.0,5.0,6.5,12.5,0.0,0.0,2.0,26,train,2.0
0.9285714285714286,5.0,22.5,32.714285714285715,1.1428571428571428,0.07142857142857142,14.0,93,train,14.0
0.8333333333333334,5.0,34.166666666666664,75.5,1.5,0.0,6.0,18,train,6.0
1.0,4.5,31.375,48.625,1.0,0.0,8.0,35,train,8.0
0.8571428571428571,5.0,33.57142857142857,111.85714285714286,1.5714285714285714,0.0,7.0,20,train,7.0
1.0,4.333333333333333,27.333333333333332,42.333333333333336,0.3333333333333333,0.0,3.0,20,train,3.0
0.75,4.666666666666667,17.416666666666668,64.25,0.5,0.0,12.0,22,train,12.0
0.9473684210526315,4.578947368421052,26.0,33.10526315789474,1.9473684210526316,0.0,19.0,174,train,19.0
0.7142857142857143,5.0,24.571428571428573,41.57142857142857,0.7142857142857143,0.0,7.0,65,train,7.0
0.9047619047619048,4.619047619047619,25.666666666666668,43.42857142857143,1.6666666666666667,0.0,21.0,299,train,21.0
0.6666666666666666,4.666666666666667,9.5,76.83333333333333,0.0,0.16666666666666666,6.0,9,train,6.0
0.7727272727272727,4.7272727272727275,25.40909090909091,68.22727272727273,2.727272727272727,0.0,22.0,111,train,22.0
0.8,4.8,39.0,86.2,1.0,0.0,5.0,18,train,5.0
0.75,5.0,7.25,49.0,0.0,0.0,4.0,59,train,4.0
0.8,5.0,18.6,66.0,0.8,0.0,5.0,24,train,5.0
0.0,4.8,6.2,56.4,0.0,0.0,5.0,141,train,5.0
0.7,5.0,19.1,58.7,2.2,0.0,10.0,18,train,10.0
0.7368421052631579,4.7894736842105265,26.31578947368421,50.26315789473684,1.0,0.0,19.0,163,train,19.0
0.8421052631578947,5.0,28.263157894736842,59.89473684210526,2.526315789473684,0.0,19.0,195,train,19.0
0.0,4.777777777777778,38.22222222222222,52.77777777777778,2.2222222222222223,0.0,9.0,16,train,9.0
0.8888888888888888,4.888888888888889,10.88888888888889,60.333333333333336,1.2222222222222223,0.0,9.0,89,train,9.0
1.0,4.2,52.0,65.8,0.2,0.0,5.0,9,train,5.0
0.75,5.0,20.75,74.5,0.0,0.25,4.0,22,train,4.0
1.0,5.0,20.666666666666668,52.0,1.6666666666666667,0.0,3.0,14,train,3.0
1.0,4.0,26.666666666666668,79.0,3.0,0.3333333333333333,3.0,46,train,3.0
1.0,5.0,28.0,58.0,4.5,0.0,2.0,37,train,2.0
0.7,4.7,12.4,54.5,1.8,0.0,10.0,120,train,10.0
0.7,4.9,26.7,47.0,0.4,0.0,10.0,46,train,10.0
0.9375,4.5625,23.6875,31.5625,1.125,0.125,16.0,52,train,16.0
1.0,4.285714285714286,38.57142857142857,42.0,1.4285714285714286,0.42857142857142855,7.0,68,train,7.0
0.5,5.0,3.0,53.5,1.3333333333333333,0.16666666666666666,6.0,154,train,6.0
1.0,5.0,29.2,27.2,2.4,0.0,5.0,33,train,5.0
0.5,5.0,0.0,96.0,0.0,0.0,2.0,100,train,2.0
0.0,5.0,3.0,117.0,0.0,0.0,1.0,72,train,1.0
1.0,5.0,31.0,12.0,0.0,0.0,1.0,11,train,1.0
0.7272727272727273,4.636363636363637,24.0,71.36363636363636,1.0909090909090908,0.0,11.0,33,train,11.0
1.0,4.2,33.4,37.93333333333333,0.3333333333333333,0.0,15.0,66,train,15.0
0.75,5.0,13.0,37.5,0.75,0.0,4.0,40,train,4.0
1.0,5.0,20.25,20.833333333333332,0.5833333333333334,0.0,12.0,48,train,12.0
0.7777777777777778,5.0,10.666666666666666,54.55555555555556,0.8888888888888888,0.0,9.0,150,train,9.0
0.0,5.0,2.0,14.0,0.0,0.0,1.0,96,train,1.0
1.0,5.0,31.6,81.0,2.6,0.0,5.0,42,train,5.0
0.95,4.85,41.0,47.2,2.1,0.0,20.0,146,train,20.0
1.0,4.888888888888889,24.77777777777778,36.44444444444444,0.2222222222222222,0.0,9.0,29,train,9.0
1.0,5.0,8.0,5.0,1.0,0.0,1.0,65,train,1.0
0.8888888888888888,5.0,6.555555555555555,33.888888888888886,1.2222222222222223,0.0,9.0,78,train,9.0
0.6666666666666666,5.0,6.333333333333333,68.0,0.0,0.0,3.0,14,train,3.0
1.0,5.0,66.0,107.66666666666667,2.0,0.0,3.0,33,train,3.0
0.875,4.875,27.125,27.625,0.625,0.0,8.0,26,train,8.0
1.0,5.0,2.0,38.0,1.0,0.0,1.0,22,train,1.0
0.8571428571428571,5.0,24.285714285714285,79.57142857142857,2.5714285714285716,0.0,7.0,26,train,7.0
0.6666666666666666,4.333333333333333,34.0,105.33333333333333,2.6666666666666665,0.3333333333333333,3.0,5,train,3.0
0.8888888888888888,5.0,18.666666666666668,23.333333333333332,1.8888888888888888,0.0,9.0,52,train,9.0
1.0,5.0,7.0,48.0,1.0,0.0,1.0,29,train,1.0
0.5,4.5,15.5,22.0,1.0,0.0,2.0,18,train,2.0
1.0,4.75,37.75,42.0625,1.4375,0.0,16.0,52,train,16.0
1.0,5.0,4.75,16.75,0.75,0.0,4.0,81,train,4.0
0.0,5.0,28.5,41.0,0.0,0.0,2.0,33,train,2.0
0.625,5.0,4.0,31.625,1.875,0.0,8.0,332,train,8.0
0.7142857142857143,5.0,15.857142857142858,72.0,0.14285714285714285,0.0,7.0,13,train,7.0
1.0,4.0,22.0,63.0,4.0,0.0,1.0,18,train,1.0
0.8181818181818182,4.909090909090909,21.90909090909091,60.0,1.9090909090909092,0.09090909090909091,11.0,104,train,11.0
0.8571428571428571,4.857142857142857,14.714285714285714,60.714285714285715,0.14285714285714285,0.0,7.0,72,train,7.0
1.0,4.928571428571429,27.857142857142858,48.714285714285715,0.6428571428571429,0.0,14.0,156,train,14.0
0.5,5.0,25.5,32.0,4.5,0.0,2.0,26,train,2.0
1.0,5.0,54.25,56.625,2.875,0.0,8.0,83,train,8.0
0.8888888888888888,5.0,26.666666666666668,78.33333333333333,1.8888888888888888,0.1111111111111111,9.0,33,train,9.0
0.8888888888888888,4.222222222222222,31.0,54.111111111111114,0.4444444444444444,0.0,9.0,65,train,9.0
0.6666666666666666,5.0,21.666666666666668,103.33333333333333,2.6666666666666665,0.0,3.0,31,train,3.0
0.9090909090909091,4.545454545454546,28.545454545454547,52.90909090909091,0.6363636363636364,0.0,11.0,53,train,11.0
1.0,4.571428571428571,17.714285714285715,37.42857142857143,0.2857142857142857,0.42857142857142855,7.0,44,train,7.0
1.0,5.0,20.0,102.66666666666667,2.3333333333333335,0.0,3.0,18,train,3.0
0.92,4.96,17.08,47.52,1.12,0.02,50.0,626,train,50.0
0.9285714285714286,4.714285714285714,22.642857142857142,31.5,0.2857142857142857,0.0,14.0,53,train,14.0
0.5,5.0,8.5,74.5,1.0,0.0,2.0,7,train,2.0
0.0,4.75,29.25,47.0,1.0,0.0,4.0,70,train,4.0
0.6666666666666666,5.0,11.833333333333334,110.16666666666667,1.3333333333333333,0.0,6.0,24,train,6.0
0.9375,4.9375,25.875,52.25,2.0625,0.0,16.0,117,train,16.0
0.8,5.0,31.0,125.8,3.0,0.2,5.0,39,train,5.0
1.0,4.166666666666667,44.833333333333336,55.666666666666664,1.1666666666666667,0.0,6.0,33,train,6.0
0.8571428571428571,5.0,27.428571428571427,54.857142857142854,1.5714285714285714,0.0,7.0,53,train,7.0
0.0,4.0,2.0,100.0,0.0,0.0,1.0,33,train,1.0
0.8333333333333334,5.0,23.5,29.833333333333332,0.3333333333333333,0.0,6.0,61,train,6.0
1.0,4.8,54.4,66.6,0.8,0.0,5.0,14,train,5.0
0.0,4.8,13.4,83.2,1.2,0.0,5.0,44,train,5.0
0.75,5.0,9.833333333333334,87.66666666666667,2.6666666666666665,0.0,12.0,93,train,12.0
0.5,5.0,27.5,159.5,2.0,0.0,2.0,14,train,2.0
1.0,4.8,20.6,30.0,0.6,0.0,5.0,72,train,5.0
0.875,4.9375,18.5,57.75,1.6875,0.0625,16.0,81,train,16.0
0.9210526315789473,4.605263157894737,37.23684210526316,48.421052631578945,1.263157894736842,0.0,38.0,150,train,38.0
0.9411764705882353,4.705882352941177,29.764705882352942,61.88235294117647,1.3529411764705883,0.11764705882352941,17.0,96,train,17.0
1.0,4.666666666666667,54.333333333333336,183.33333333333334,2.0,0.0,3.0,29,train,3.0
0.9333333333333333,4.733333333333333,31.4,49.4,2.933333333333333,0.06666666666666667,15.0,74,train,15.0
0.8,5.0,28.8,24.4,0.0,0.0,5.0,37,train,5.0
0.8571428571428571,5.0,26.0,140.14285714285714,1.8571428571428572,0.0,7.0,91,train,7.0
0.8333333333333334,4.333333333333333,53.833333333333336,98.16666666666667,0.6666666666666666,0.0,6.0,26,train,6.0
1.0,4.7,24.9,32.5,0.1,0.1,10.0,50,train,10.0
0.9090909090909091,5.0,21.272727272727273,55.90909090909091,2.4545454545454546,0.0,11.0,68,train,11.0
1.0,4.888888888888889,33.22222222222222,24.0,0.7777777777777778,0.0,9.0,44,train,9.0
0.7333333333333333,5.0,19.0,45.4,0.7333333333333333,0.0,15.0,59,train,15.0
0.8333333333333334,4.0,20.833333333333332,35.0,1.5,0.3333333333333333,6.0,53,train,6.0
1.0,5.0,9.666666666666666,25.666666666666668,2.3333333333333335,0.3333333333333333,3.0,44,train,3.0
0.7777777777777778,4.925925925925926,3.5185185185185186,28.14814814814815,1.037037037037037,0.07407407407407407,27.0,983,test,27.0
0.8,4.2,3.2,36.8,0.6,0.0,5.0,187,test,5.0
0.8,4.2,28.8,32.4,1.2,0.0,5.0,26,test,5.0
0.8823529411764706,4.882352941176471,43.529411764705884,77.23529411764706,1.3529411764705883,0.058823529411764705,17.0,35,test,17.0
0.8571428571428571,4.857142857142857,25.19047619047619,37.095238095238095,2.238095238095238,0.0,21.0,168,test,21.0
0.6666666666666666,5.0,11.0,53.0,0.3333333333333333,0.0,3.0,32,test,3.0
1.0,5.0,0.0,43.0,0.0,0.0,1.0,13,test,1.0
0.0,5.0,2.0,24.5,0.0,0.0,2.0,58,test,2.0
0.7857142857142857,4.857142857142857,22.0,61.857142857142854,1.8571428571428572,0.0,14.0,40,test,14.0
0.0,5.0,1.0,98.0,0.0,0.0,1.0,28,test,1.0
0.6666666666666666,4.666666666666667,24.0,37.333333333333336,1.0,0.0,3.0,33,test,3.0
0.8,4.6,41.8,71.2,2.0,0.0,5.0,5,test,5.0
0.23529411764705882,4.764705882352941,35.88235294117647,96.3529411764706,2.0,0.0,17.0,46,test,17.0
0.8333333333333334,5.0,28.833333333333332,32.5,1.1666666666666667,0.0,6.0,82,test,6.0
1.0,4.0,13.0,14.5,0.0,0.0,2.0,63,test,2.0
0.7857142857142857,4.821428571428571,22.392857142857142,58.0,1.3928571428571428,0.0,28.0,215,test,28.0
0.6,4.6,18.8,34.2,0.0,0.0,5.0,17,test,5.0
0.9259259259259259,4.703703703703703,24.37037037037037,36.25925925925926,1.6666666666666667,0.0,27.0,466,test,27.0
0.8095238095238095,4.761904761904762,11.952380952380953,45.61904761904762,0.38095238095238093,0.09523809523809523,21.0,215,test,21.0
0.0,5.0,3.5,41.5,0.0,0.0,2.0,34,test,2.0
0.8333333333333334,4.666666666666667,38.166666666666664,34.0,1.0,0.0,6.0,33,test,6.0
0.7777777777777778,5.0,24.77777777777778,69.22222222222223,2.0,0.0,9.0,28,test,9.0
0.5,5.0,3.0,38.0,0.0,0.0,4.0,80,test,4.0
0.75,4.25,37.0,30.75,0.75,0.0,4.0,19,test,4.0
0.7777777777777778,4.666666666666667,29.666666666666668,101.55555555555556,1.0,0.0,9.0,32,test,9.0
0.5384615384615384,5.0,20.76923076923077,67.84615384615384,2.076923076923077,0.0,13.0,57,test,13.0
0.9333333333333333,4.733333333333333,36.0,51.0,3.2,0.06666666666666667,15.0,133,test,15.0
1.0,5.0,1.0,6.0,1.0,0.0,1.0,86,test,1.0
0.6666666666666666,5.0,18.77777777777778,71.55555555555556,1.5555555555555556,0.0,9.0,99,test,9.0
1.0,4.0,9.0,31.0,0.0,0.0,2.0,33,test,2.0
0.7777777777777778,4.777777777777778,26.77777777777778,49.0,0.8888888888888888,0.1111111111111111,9.0,62,test,9.0
0.9,4.6,16.3,66.2,0.7,0.0,10.0,55,test,10.0
0.8,4.8,41.4,87.4,1.6,0.0,5.0,38,test,5.0
0.9,4.45,42.05,64.05,2.05,0.0,20.0,77,test,20.0
0.5555555555555556,5.0,8.88888888888889,64.22222222222223,0.7777777777777778,0.0,9.0,59,test,9.0
0.75,5.0,31.125,124.25,1.75,0.0,8.0,123,test,8.0
1.0,5.0,0.0,9.0,0.0,0.0,1.0,57,test,1.0
1.0,5.0,37.0,69.5,3.0,0.0,2.0,40,test,2.0
0.8,4.9,31.6,64.5,1.0,0.0,10.0,22,test,10.0
0.7857142857142857,5.0,9.642857142857142,42.857142857142854,0.7857142857142857,0.07142857142857142,14.0,85,test,14.0
0.9387755102040817,4.63265306122449,34.61224489795919,37.10204081632653,1.9591836734693877,0.0,49.0,639,test,49.0
0.9090909090909091,4.909090909090909,45.90909090909091,74.27272727272727,3.1818181818181817,0.0,11.0,42,test,11.0
0.75,4.75,24.166666666666668,77.33333333333333,2.0,0.0,12.0,215,test,12.0
0.5,4.5,23.666666666666668,62.166666666666664,1.5,0.0,6.0,36,test,6.0
0.8,5.0,17.8,29.8,0.2,0.0,5.0,46,test,5.0
0.6666666666666666,5.0,28.666666666666668,103.33333333333333,2.6666666666666665,0.0,3.0,18,test,3.0
1.0,5.0,1.8571428571428572,31.571428571428573,0.0,0.14285714285714285,7.0,219,test,7.0
0.8888888888888888,4.666666666666667,34.22222222222222,44.0,0.2222222222222222,0.0,9.0,79,test,9.0
0.5,5.0,3.0,23.5,0.5,0.0,2.0,90,test,2.0
0.5,5.0,21.0,42.75,0.75,0.0,4.0,13,test,4.0
0.75,5.0,12.25,43.5,0.25,0.0,4.0,5,test,4.0
1.0,4.666666666666667,35.666666666666664,55.333333333333336,0.3333333333333333,0.0,3.0,17,test,3.0
0.5714285714285714,4.857142857142857,9.142857142857142,55.42857142857143,0.7142857142857143,0.0,7.0,61,test,7.0
0.9444444444444444,4.777777777777778,23.666666666666668,30.166666666666668,1.7222222222222223,0.1111111111111111,18.0,176,test,18.0
0.8888888888888888,4.7407407407407405,44.77777777777778,90.14814814814815,1.5925925925925926,0.1111111111111111,27.0,100,test,27.0
0.9,5.0,28.2,62.0,1.0,0.0,10.0,105,test,10.0
0.7894736842105263,4.947368421052632,39.421052631578945,85.21052631578948,2.8947368421052633,0.05263157894736842,19.0,64,test,19.0
1.0,4.333333333333333,27.333333333333332,26.666666666666668,1.0,0.0,3.0,16,test,3.0
0.6666666666666666,5.0,7.666666666666667,38.333333333333336,1.3333333333333333,0.0,3.0,27,test,3.0
0.6363636363636364,4.909090909090909,31.181818181818183,47.63636363636363,0.36363636363636365,0.0,11.0,9,test,11.0
0.0,5.0,2.0,9.0,0.0,0.0,1.0,55,test,1.0
1.0,5.0,27.5,87.66666666666667,1.1666666666666667,0.0,6.0,14,test,6.0
0.8,5.0,23.6,82.6,0.6,0.0,5.0,22,test,5.0
0.5,5.0,17.666666666666668,62.166666666666664,1.0,0.0,6.0,12,test,6.0
0.25,5.0,4.75,67.5,0.25,0.0,4.0,123,test,4.0
0.8333333333333334,4.333333333333333,57.0,64.83333333333333,1.3333333333333333,0.0,6.0,14,test,6.0
0.8,5.0,56.6,103.8,5.6,0.0,5.0,29,test,5.0
0.5,4.5,8.25,59.5,0.5,0.0,4.0,35,test,4.0
0.7333333333333333,4.8,15.133333333333333,47.6,0.2,0.0,15.0,136,test,15.0
0.6666666666666666,4.333333333333333,37.333333333333336,77.83333333333333,0.6666666666666666,0.16666666666666666,6.0,0,test,6.0
1.0,5.0,1.0,5.0,0.0,0.0,1.0,43,test,1.0
0.9642857142857143,4.75,28.357142857142858,57.535714285714285,1.1785714285714286,0.0,28.0,205,test,28.0
1.0,4.0,43.0,104.0,7.0,0.0,1.0,20,test,1.0
0.0,5.0,5.0,33.0,0.0,0.0,2.0,49,test,2.0
0.6666666666666666,5.0,5.666666666666667,55.333333333333336,0.3333333333333333,0.0,6.0,251,test,6.0
1.0,4.8,34.3,45.1,2.5,0.0,10.0,85,test,10.0
1.0,4.583333333333333,58.416666666666664,89.5,2.5833333333333335,0.0,12.0,161,test,12.0
0.835820895522388,4.985074626865671,25.17910447761194,51.55223880597015,1.5671641791044777,0.029850746268656716,67.0,296,test,67.0
0.2,5.0,11.0,52.0,0.2,0.0,5.0,38,test,5.0
1.0,5.0,61.0,39.0,2.0,0.0,1.0,13,test,1.0
0.8571428571428571,4.857142857142857,33.142857142857146,40.857142857142854,0.0,0.0,7.0,33,test,7.0
1.0,5.0,9.333333333333334,20.333333333333332,0.0,0.0,3.0,15,test,3.0
0.75,5.0,2.5,38.25,0.0,0.0,4.0,124,test,4.0
0.0,5.0,6.0,107.0,0.0,0.0,1.0,31,test,1.0
0.9333333333333333,5.0,27.666666666666668,31.133333333333333,1.0666666666666667,0.06666666666666667,15.0,118,test,15.0
0.875,5.0,31.875,69.25,1.125,0.0,8.0,9,test,8.0
1.0,4.5,38.375,48.625,1.0,0.0,8.0,23,test,8.0
0.8571428571428571,5.0,40.57142857142857,111.85714285714286,1.5714285714285714,0.0,7.0,25,test,7.0
1.0,4.333333333333333,34.333333333333336,42.333333333333336,0.3333333333333333,0.0,3.0,17,test,3.0
0.0,5.0,0.0,29.0,0.0,0.0,1.0,24,test,1.0
0.3888888888888889,4.722222222222222,4.277777777777778,107.44444444444444,0.3333333333333333,0.0,18.0,412,test,18.0
0.9090909090909091,4.636363636363637,29.045454545454547,36.13636363636363,1.8181818181818181,0.045454545454545456,22.0,241,test,22.0
0.625,5.0,28.375,42.75,0.625,0.0,8.0,72,test,8.0
0.8076923076923077,4.615384615384615,26.76923076923077,40.57692307692308,1.3846153846153846,0.0,26.0,415,test,26.0
0.6666666666666666,4.666666666666667,16.5,76.83333333333333,0.0,0.16666666666666666,6.0,16,test,6.0
0.6666666666666666,5.0,23.333333333333332,24.333333333333332,3.0,0.0,3.0,29,test,3.0
0.7083333333333334,4.75,30.041666666666668,66.95833333333333,2.5,0.0,24.0,83,test,24.0
0.6666666666666666,4.833333333333333,38.5,88.83333333333333,0.8333333333333334,0.0,6.0,18,test,6.0
0.5,5.0,3.5,56.0,0.0,0.0,2.0,137,test,2.0
0.0,5.0,4.0,49.5,0.0,0.0,2.0,69,test,2.0
0.6666666666666666,5.0,22.333333333333332,64.5,0.6666666666666666,0.0,6.0,18,test,6.0
0.125,4.875,9.75,46.875,0.0,0.0,8.0,108,test,8.0
0.6363636363636364,5.0,24.272727272727273,55.90909090909091,2.0,0.0,11.0,32,test,11.0
0.6956521739130435,4.826086956521739,28.0,47.78260869565217,0.8260869565217391,0.0,23.0,169,test,23.0
0.7916666666666666,4.916666666666667,28.625,62.458333333333336,2.0416666666666665,0.0,24.0,258,test,24.0
0.9444444444444444,4.722222222222222,34.833333333333336,67.16666666666667,1.2777777777777777,0.1111111111111111,18.0,102,test,18.0
0.8181818181818182,4.909090909090909,15.272727272727273,61.45454545454545,1.0,0.0,11.0,96,test,11.0
0.9166666666666666,4.666666666666667,28.916666666666668,44.5,0.9166666666666666,0.08333333333333333,12.0,89,test,12.0
0.0,5.0,6.0,98.0,0.0,0.0,1.0,13,test,1.0
1.0,4.333333333333333,49.166666666666664,57.833333333333336,0.16666666666666666,0.0,6.0,21,test,6.0
0.75,5.0,27.75,74.5,0.0,0.25,4.0,5,test,4.0
0.75,5.0,22.25,60.0,1.25,0.0,4.0,6,test,4.0
1.0,4.25,26.0,62.25,2.25,0.25,4.0,21,test,4.0
0.5,5.0,19.75,63.75,2.25,0.0,4.0,20,test,4.0
0.0,5.0,1.0,229.0,0.0,0.0,1.0,30,test,1.0
0.6363636363636364,4.7272727272727275,18.181818181818183,58.54545454545455,1.6363636363636365,0.0,11.0,135,test,11.0
0.6666666666666666,5.0,2.6666666666666665,71.33333333333333,0.3333333333333333,0.3333333333333333,3.0,136,test,3.0
0.9375,4.5625,30.6875,31.5625,1.125,0.125,16.0,57,test,16.0
0.875,4.375,40.375,37.25,1.25,0.375,8.0,60,test,8.0
0.0,5.0,5.333333333333333,33.333333333333336,0.0,0.0,3.0,95,test,3.0
0.7,5.0,7.4,69.9,1.2,0.1,10.0,133,test,10.0
0.8333333333333334,5.0,30.666666666666668,31.0,2.0,0.0,6.0,41,test,6.0
0.6666666666666666,5.0,5.333333333333333,116.66666666666667,0.3333333333333333,0.0,3.0,147,test,3.0
0.0,5.0,10.0,117.0,0.0,0.0,1.0,13,test,1.0
0.0,5.0,0.0,59.0,0.0,0.0,1.0,40,test,1.0
0.5,5.0,22.0,17.5,0.0,0.0,2.0,10,test,2.0
0.7272727272727273,4.636363636363637,31.0,71.36363636363636,1.0909090909090908,0.0,11.0,27,test,11.0
0.9375,4.25,37.9375,46.0,0.3125,0.0,16.0,93,test,16.0
1.0,5.0,3.0,140.0,0.0,0.0,1.0,30,test,1.0
0.8,5.0,17.2,30.6,0.6,0.0,5.0,33,test,5.0
1.0,5.0,27.25,20.833333333333332,0.5833333333333334,0.0,12.0,30,test,12.0
0.6923076923076923,5.0,13.076923076923077,47.23076923076923,0.6153846153846154,0.0,13.0,110,test,13.0
0.0,5.0,9.0,14.0,0.0,0.0,1.0,121,test,1.0
0.75,5.0,26.25,71.875,1.625,0.0,8.0,8,test,8.0
1.0,4.0,1.0,11.0,0.0,0.0,1.0,45,test,1.0
0.6666666666666666,5.0,18.833333333333332,110.16666666666667,1.3333333333333333,0.0,6.0,22,test,6.0
0.8636363636363636,4.863636363636363,44.0,44.36363636363637,1.9090909090909092,0.0,22.0,118,test,22.0
1.0,4.888888888888889,31.77777777777778,36.44444444444444,0.2222222222222222,0.0,9.0,31,test,9.0
1.0,5.0,6.5,16.75,0.5,0.0,4.0,48,test,4.0
0.8529411764705882,4.470588235294118,23.764705882352942,37.1764705882353,1.5294117647058822,0.058823529411764705,34.0,275,test,34.0
0.6666666666666666,5.0,13.333333333333334,68.0,0.0,0.0,3.0,16,test,3.0
1.0,5.0,73.0,107.66666666666667,2.0,0.0,3.0,1,test,3.0
0.875,4.875,34.125,27.625,0.625,0.0,8.0,23,test,8.0
0.5,5.0,7.5,49.0,0.5,0.0,2.0,24,test,2.0
0.5,4.25,31.0,93.75,2.0,0.25,4.0,15,test,4.0
0.7692307692307693,4.769230769230769,18.307692307692307,33.76923076923077,1.3076923076923077,0.0,13.0,56,test,13.0
1.0,5.0,14.0,48.0,1.0,0.0,1.0,33,test,1.0
1.0,5.0,0.5,11.5,0.0,0.0,2.0,48,test,2.0
0.6666666666666666,3.3333333333333335,15.666666666666666,35.666666666666664,0.6666666666666666,0.0,3.0,23,test,3.0
1.0,4.75,44.75,42.0625,1.4375,0.0,16.0,49,test,16.0
0.8,5.0,9.4,18.6,0.6,0.0,5.0,83,test,5.0
0.0,5.0,35.5,41.0,0.0,0.0,2.0,20,test,2.0
0.6842105263157895,4.947368421052632,6.0,32.63157894736842,0.8421052631578947,0.05263157894736842,19.0,618,test,19.0
0.6,5.0,17.2,70.0,0.1,0.0,10.0,10,test,10.0
0.5,4.5,17.5,53.5,2.0,0.0,2.0,20,test,2.0
0.8571428571428571,4.928571428571429,23.142857142857142,54.5,1.5714285714285714,0.14285714285714285,14.0,75,test,14.0
0.875,4.875,19.375,54.875,0.125,0.0,8.0,52,test,8.0
0.0,5.0,1.0,110.0,0.0,0.0,1.0,16,test,1.0
0.9411764705882353,4.9411764705882355,29.235294117647058,43.11764705882353,0.5294117647058824,0.0,17.0,185,test,17.0
0.8,5.0,11.8,40.4,0.0,0.0,5.0,83,test,5.0
1.0,5.0,61.25,56.625,2.875,0.0,8.0,0,test,8.0
0.8181818181818182,5.0,28.545454545454547,73.45454545454545,1.5454545454545454,0.09090909090909091,11.0,24,test,11.0
0.8888888888888888,4.222222222222222,38.0,54.111111111111114,0.4444444444444444,0.0,9.0,54,test,9.0
0.9090909090909091,4.545454545454546,35.54545454545455,52.90909090909091,0.6363636363636364,0.0,11.0,71,test,11.0
0.8888888888888888,4.666666666666667,20.0,33.77777777777778,0.2222222222222222,0.4444444444444444,9.0,46,test,9.0
1.0,5.0,21.75,79.25,1.75,0.0,4.0,10,test,4.0
0.8688524590163934,4.885245901639344,20.295081967213115,47.32786885245902,0.9672131147540983,0.04918032786885246,61.0,759,test,61.0
0.9285714285714286,4.714285714285714,29.642857142857142,31.5,0.2857142857142857,0.0,14.0,23,test,14.0
0.5,5.0,15.5,74.5,1.0,0.0,2.0,10,test,2.0
0.0,4.8,29.6,39.0,0.8,0.0,5.0,40,test,5.0
0.7692307692307693,4.6923076923076925,23.0,59.92307692307692,0.46153846153846156,0.0,13.0,33,test,13.0
0.9375,4.9375,32.875,52.25,2.0625,0.0,16.0,138,test,16.0
0.8,5.0,38.0,125.8,3.0,0.2,5.0,13,test,5.0
0.75,4.25,39.625,67.0,0.875,0.0,8.0,22,test,8.0
0.7777777777777778,5.0,27.555555555555557,50.333333333333336,1.2222222222222223,0.0,9.0,39,test,9.0
0.25,4.75,5.0,101.75,0.0,0.0,4.0,100,test,4.0
0.8333333333333334,5.0,30.5,29.833333333333332,0.3333333333333333,0.0,6.0,19,test,6.0
0.8333333333333334,4.833333333333333,52.0,85.33333333333333,0.6666666666666666,0.0,6.0,39,test,6.0
0.0,4.8,20.4,83.2,1.2,0.0,5.0,23,test,5.0
0.7142857142857143,5.0,14.857142857142858,82.07142857142857,2.2857142857142856,0.0,14.0,125,test,14.0
0.6666666666666666,5.0,23.666666666666668,172.0,1.3333333333333333,0.0,3.0,4,test,3.0
1.0,4.714285714285714,20.0,29.0,0.42857142857142855,0.0,7.0,65,test,7.0
0.8888888888888888,4.944444444444445,22.72222222222222,54.05555555555556,1.5,0.05555555555555555,18.0,74,test,18.0
0.8837209302325582,4.627906976744186,39.27906976744186,50.74418604651163,1.1162790697674418,0.023255813953488372,43.0,153,test,43.0
0.0,4.777777777777778,45.22222222222222,52.77777777777778,2.2222222222222223,0.0,9.0,14,test,9.0
1.0,4.75,47.25,144.75,1.5,0.0,4.0,18,test,4.0
0.8823529411764706,4.647058823529412,34.35294117647059,62.8235294117647,2.7058823529411766,0.058823529411764705,17.0,59,test,17.0
0.0,5.0,4.0,55.0,0.0,0.0,1.0,48,test,1.0
0.5,4.75,2.25,105.75,0.0,0.0,4.0,57,test,4.0
0.8333333333333334,4.666666666666667,30.166666666666668,36.5,0.0,0.0,6.0,19,test,6.0
0.75,5.0,29.625,125.5,1.625,0.0,8.0,47,test,8.0
0.0,5.0,2.0,50.0,0.0,0.0,1.0,42,test,1.0
0.8333333333333334,4.333333333333333,60.833333333333336,98.16666666666667,0.6666666666666666,0.0,6.0,17,test,6.0
1.0,4.7,31.9,32.5,0.1,0.1,10.0,12,test,10.0
0.9166666666666666,5.0,26.083333333333332,61.083333333333336,2.25,0.0,12.0,84,test,12.0
1.0,4.888888888888889,40.22222222222222,24.0,0.7777777777777778,0.0,9.0,45,test,9.0
0.6875,5.0,24.5,48.5,0.6875,0.0,16.0,45,test,16.0
0.8333333333333334,4.0,27.833333333333332,35.0,1.5,0.3333333333333333,6.0,24,test,6.0
0.75,5.0,14.0,41.75,1.75,0.25,4.0,59,test,4.0
