avg_rating,num_reviews,dollar_rating,clicked,split
3.5835764522666245,106,D,1,train
2.533766075303111,156,D,1,train
2.533766075303111,156,D,1,train
4.166900152330658,22,D,0,train
4.166900152330658,22,D,1,train
4.480048592987277,54,DD,1,train
3.5596840853100953,90,D,1,train
3.5596840853100953,90,D,1,train
4.778675668198336,3,D,0,train
3.0873932870002867,196,DDD,1,train
3.0873932870002867,196,DDD,1,train
2.824601328866194,149,DDD,0,train
2.824601328866194,149,DDD,1,train
3.273735795474594,166,DDD,1,train
3.273735795474594,166,DDD,1,train
1.0751592017454206,45,DD,0,train
3.4705419883035082,6,D,0,train
3.7272811964139336,16,DD,1,train
1.8355070243793388,79,DD,0,train
2.0131664101591284,66,DD,0,train
4.351779629995216,95,DD,1,train
4.351779629995216,95,DD,1,train
2.8746048065908063,147,D,1,train
3.7698884774800794,168,DDD,1,train
3.7698884774800794,168,DDD,1,train
3.7698884774800794,168,DDD,1,train
3.7698884774800794,168,DDD,1,train
3.7698884774800794,168,DDD,0,train
3.7698884774800794,168,DDD,0,train
3.2664058168263006,96,D,1,train
3.2664058168263006,96,D,1,train
3.303785982224717,126,DD,1,train
2.2742758098052946,7,DD,1,train
1.5271914496175687,55,DD,0,train
1.5271914496175687,55,DD,0,train
3.865308816474262,109,DDD,1,train
3.865308816474262,109,DDD,1,train
3.865308816474262,109,DDD,1,train
4.8487541804697525,80,DDD,0,train
4.8487541804697525,80,DDD,1,train
4.8487541804697525,80,DDD,1,train
3.3046293376713476,63,D,0,train
1.8923265305624732,12,DD,0,train
4.385634689884512,9,D,0,train
4.255191278809908,10,DD,1,train
4.526941447419411,122,D,1,train
4.526941447419411,122,D,1,train
3.7701263603110635,76,DDDD,1,train
3.005297527706809,91,D,1,train
4.824334538892895,164,DDDD,1,train
4.824334538892895,164,DDDD,1,train
4.824334538892895,164,DDDD,1,train
4.824334538892895,164,DDDD,1,train
4.824334538892895,164,DDDD,1,train
4.824334538892895,164,DDDD,1,train
4.824334538892895,164,DDDD,1,train
3.4255728565116974,198,DDDD,0,train
3.4255728565116974,198,DDDD,1,train
1.076772793237334,188,D,1,train
1.076772793237334,188,D,0,train
3.2973009953983152,152,D,1,train
3.2973009953983152,152,D,1,train
3.2973009953983152,152,D,0,train
2.725673741735896,66,D,1,train
4.677930454978695,15,DDDD,0,train
4.392032917288938,158,DDD,1,train
4.392032917288938,158,DDD,1,train
4.392032917288938,158,DDD,1,train
4.392032917288938,158,DDD,1,train
3.2764029544583733,80,D,1,train
3.2764029544583733,80,D,1,train
4.465529303714517,113,D,1,train
4.465529303714517,113,D,1,train
4.465529303714517,113,D,1,train
3.919962249696232,69,DDDD,0,train
4.1747908134296825,184,DDD,1,train
4.1747908134296825,184,DDD,1,train
3.485913605999054,135,D,1,train
3.485913605999054,135,D,1,train
3.9204881180670785,137,D,1,train
3.9204881180670785,137,D,1,train
2.2477799819184074,99,DDDD,0,train
3.785373955261838,147,DDDD,1,train
3.785373955261838,147,DDDD,1,train
1.7184147102385392,95,D,1,train
2.8147873782241812,75,DDD,1,train
4.586685172161369,70,DD,1,train
1.8675879375938957,76,DD,1,train
4.324193820944762,20,D,1,train
3.515927374364595,183,D,1,train
4.490602621789581,182,D,1,train
4.490602621789581,182,D,1,train
4.490602621789581,182,D,1,train
4.490602621789581,182,D,1,train
4.490602621789581,182,D,1,train
2.094168139262543,192,DD,1,train
2.094168139262543,192,DD,0,train
1.7425437772238088,144,DD,1,train
2.1105148251789276,2,D,0,train
3.0695164286164567,166,DDD,1,train
3.0695164286164567,166,DDD,1,train
3.0695164286164567,166,DDD,1,train
3.8674387247703748,71,DD,1,train
1.579391037373509,172,DD,1,train
1.579391037373509,172,DD,0,train
3.994654479402189,158,D,1,train
3.994654479402189,158,D,1,train
3.994654479402189,158,D,1,train
3.994654479402189,158,D,0,train
3.994654479402189,158,D,1,train
3.3379042758230755,63,DD,1,train
3.3379042758230755,63,DD,1,train
2.1685901071701954,128,DDDD,0,train
3.67966618636364,158,DD,0,train
4.140611648092551,179,DDDD,1,train
4.140611648092551,179,DDDD,1,train
2.1269204230157963,96,DDD,0,train
2.9425103837384916,29,DDDD,0,train
1.926806505884818,64,DD,1,train
1.926806505884818,64,DD,1,train
4.797275289662726,53,DD,1,train
4.395774221251672,36,DDD,0,train
1.5925634437926601,183,DD,0,train
1.5925634437926601,183,DD,1,train
4.288470932776982,88,DD,1,train
4.288470932776982,88,DD,1,train
1.897268115898957,82,DD,1,train
1.897268115898957,82,DD,0,train
4.891677956092521,196,DD,1,train
4.891677956092521,196,DD,1,train
4.891677956092521,196,DD,1,train
4.626221996884716,99,D,1,train
1.928936568683771,144,DDD,1,train
3.902377456842315,108,D,1,train
3.902377456842315,108,D,0,train
4.082322994011105,43,DD,1,train
3.688191229415658,78,DDD,1,train
4.442204695315175,61,D,0,train
4.442204695315175,61,D,1,train
3.908177050845313,194,D,1,train
3.908177050845313,194,D,1,train
2.0813116209548586,26,DD,0,train
2.8245622672019186,98,DDD,1,train
3.733125342190722,163,D,1,train
3.733125342190722,163,D,1,train
3.733125342190722,163,D,1,train
3.733125342190722,163,D,0,train
1.2273923057329612,182,D,0,train
1.2273923057329612,182,D,0,train
4.1147815837644135,34,DD,1,train
1.1784492050164563,153,DD,0,train
4.1991835382824725,40,DD,1,train
4.1991835382824725,40,DD,1,train
4.837733363333701,38,DD,1,train
4.837733363333701,38,DD,1,train
4.837733363333701,38,DD,1,train
3.040067409273001,73,DDD,1,train
1.748523567003379,43,DD,1,train
3.896670546446173,159,DD,1,train
3.896670546446173,159,DD,1,train
3.896670546446173,159,DD,1,train
4.616177571603831,67,DDDD,0,train
4.027114570947557,149,DDD,1,train
4.807497907330944,102,DDD,1,train
4.807497907330944,102,DDD,1,train
4.396153233714044,160,D,1,train
4.396153233714044,160,D,1,train
1.1332185061867848,167,DD,0,train
1.1332185061867848,167,DD,0,train
2.4268275616101715,185,DD,1,train
2.4268275616101715,185,DD,1,train
2.4268275616101715,185,DD,1,train
2.4268275616101715,185,DD,1,train
4.477954122186529,190,DDD,1,train
4.477954122186529,190,DDD,0,train
4.477954122186529,190,DDD,1,train
4.477954122186529,190,DDD,1,train
2.816649587630207,126,DDDD,1,train
2.9612213861949486,4,DDD,0,train
4.957639109137726,53,D,1,train
1.2612168286071208,198,DD,1,train
1.2612168286071208,198,DD,0,train
2.1535939893259757,149,D,0,train
2.696355953743397,32,DD,1,train
2.148206079678519,142,D,1,train
3.8262988250919157,109,DD,1,train
3.8262988250919157,109,DD,1,train
4.259865917480989,123,DDDD,1,train
4.94196571057319,43,DDD,1,train
4.875886818681407,26,DDDD,1,train
4.875886818681407,26,DDDD,0,train
2.1862250602561195,84,DD,0,train
1.9976801642258049,107,DDDD,0,train
1.9976801642258049,107,DDDD,0,train
3.9228363965099047,144,DDDD,0,train
3.9228363965099047,144,DDDD,1,train
2.516227584309714,119,DDDD,0,train
2.4971847332836643,11,DD,1,train
4.356756489034609,35,D,1,train
4.356756489034609,35,D,1,train
4.46915762184986,117,DDD,0,train
2.669945499184047,159,DD,1,train
2.669945499184047,159,DD,1,train
4.5815435371528395,70,D,1,train
3.368921675047347,33,D,1,train
3.368921675047347,33,D,0,train
2.626933383342993,118,DD,1,train
2.626933383342993,118,DD,1,train
2.626933383342993,118,DD,1,train
3.2083131067678834,183,DD,1,train
3.2083131067678834,183,DD,1,train
2.3340298631651013,138,DD,0,train
2.3340298631651013,138,DD,1,train
4.696635066483054,34,D,1,train
2.014570097027291,180,DDD,1,train
3.7220579245713035,24,DD,1,train
2.3667924594589285,66,DDDD,0,train
4.516939052125308,179,DD,1,train
4.516939052125308,179,DD,1,train
4.516939052125308,179,DD,1,train
4.516939052125308,179,DD,1,train
2.1307986037821465,106,D,0,train
2.1307986037821465,106,D,1,train
2.1307986037821465,106,D,0,train
3.8413473158968534,51,DDDD,1,train
3.8413473158968534,51,DDDD,1,train
1.0315364140337615,59,DD,0,train
2.490716279283982,123,D,0,train
2.490716279283982,123,D,0,train
2.490716279283982,123,D,1,train
2.3704439373663613,182,DDD,1,train
2.3704439373663613,182,DDD,0,train
2.3704439373663613,182,DDD,0,train
3.4889242353591796,103,D,1,train
1.4628129333083746,45,D,0,train
3.781080023618744,122,DD,1,train
3.781080023618744,122,DD,1,train
3.781080023618744,122,DD,1,train
3.781080023618744,122,DD,1,train
3.6878285623832894,69,DDDD,0,train
3.7859297228058004,97,DDD,1,train
3.7859297228058004,97,DDD,0,train
3.7859297228058004,97,DDD,0,train
3.7859297228058004,97,DDD,1,train
2.3358594783872366,90,D,0,train
2.3358594783872366,90,D,0,train
1.3889717025296986,198,DDD,0,train
2.768142550919701,89,D,1,train
1.3635429281296378,86,D,0,train
3.4931786920805226,131,DD,1,train
3.4931786920805226,131,DD,1,train
3.4931786920805226,131,DD,1,train
3.4931786920805226,131,DD,1,train
4.5478431248696705,162,D,1,train
4.5478431248696705,162,D,1,train
4.5478431248696705,162,D,1,train
4.5478431248696705,162,D,1,train
4.319589474413373,7,DDD,0,train
4.54521866434624,51,D,1,train
4.54521866434624,51,D,1,train
4.54521866434624,51,D,1,train
4.631502377417304,59,DDD,1,train
1.3059470761211416,179,D,0,train
1.3059470761211416,179,D,1,train
3.7858525786100024,117,DDD,1,train
4.59224942885494,77,DDDD,1,train
2.882595796855638,44,DDD,1,train
2.512980699693847,128,D,0,train
1.698633541580023,130,DD,1,train
1.698633541580023,130,DD,0,train
3.428997496046164,190,D,1,train
3.428997496046164,190,D,1,train
3.428997496046164,190,D,1,train
3.428997496046164,190,D,1,train
3.058050973195027,31,D,0,train
2.4717103221481653,80,D,1,train
3.364107603481965,137,DD,1,train
4.90490265381528,48,DDDD,0,train
4.559174625782161,112,DD,1,train
4.058247897430834,189,D,1,train
4.058247897430834,189,D,1,train
4.058247897430834,189,D,1,train
2.3419926787035985,88,DD,1,train
2.3419926787035985,88,DD,1,train
2.3419926787035985,88,DD,1,train
3.358778892054203,35,DD,1,train
4.933704969042568,16,DDD,0,train
1.5912347067890895,162,DDD,0,train
3.7397377547342376,69,DDD,0,train
2.8824836156722915,162,D,1,train
2.8824836156722915,162,D,0,train
4.919849305369237,101,DDD,1,train
2.727040510617277,59,D,1,train
2.727040510617277,59,D,1,train
4.289626953422761,135,DDD,1,train
4.289626953422761,135,DDD,0,train
3.905369857671341,26,DDD,0,train
3.539145291734779,70,DD,1,train
3.539145291734779,70,DD,0,train
4.468668636420796,183,DDD,1,train
4.468668636420796,183,DDD,1,train
4.468668636420796,183,DDD,1,train
4.468668636420796,183,DDD,0,train
3.139667419708336,118,DDDD,0,train
3.0725992551646972,9,D,0,train
2.4928638229791766,118,DDDD,0,train
4.425104718491127,150,DDDD,1,train
4.425104718491127,150,DDDD,0,train
4.425104718491127,150,DDDD,0,train
2.8256382613562665,88,DDDD,0,train
3.112936356714143,109,D,0,train
4.708847229492472,136,DDDD,1,train
4.708847229492472,136,DDDD,1,train
3.09751924430888,79,DD,1,train
1.4695211766822287,76,DD,1,train
4.882925771082531,83,D,1,train
4.882925771082531,83,D,1,train
1.7143198722306252,57,DD,1,train
3.4514670124679694,112,D,1,train
3.4514670124679694,112,D,1,train
3.4514670124679694,112,D,1,train
2.4876749940498453,108,DD,1,train
1.0055333999959966,161,DD,0,train
2.83401266826578,110,DD,0,train
2.83401266826578,110,DD,1,train
4.780107107761566,174,DDD,1,train
4.780107107761566,174,DDD,1,train
4.780107107761566,174,DDD,0,train
2.506965067843947,87,DD,1,train
4.864589782508686,20,DDD,0,train
4.864589782508686,20,DDD,1,train
3.702756590577067,27,DDDD,0,train
4.371419551341829,179,DD,1,train
4.371419551341829,179,DD,1,train
1.4096550338096656,58,DDD,0,train
1.4701025716145506,73,DD,0,train
4.730244815429362,121,DD,1,train
4.730244815429362,121,DD,1,train
2.567187754258663,53,DD,1,train
2.001592851414291,84,DDDD,0,train
4.5901710585976225,19,DD,1,train
4.079868745000356,103,DD,1,train
4.079868745000356,103,DD,1,train
2.1542798306067823,158,D,1,train
2.1542798306067823,158,D,0,train
2.1542798306067823,158,D,1,train
4.497599668299369,160,DDDD,0,train
4.497599668299369,160,DDDD,1,train
4.497599668299369,160,DDDD,0,train
3.1076297962087214,189,DDD,0,train
3.1076297962087214,189,DDD,0,train
3.1076297962087214,189,DDD,0,train
3.1076297962087214,189,DDD,0,train
4.729575755841978,168,D,1,train
4.729575755841978,168,D,0,train
3.5498491094888265,96,D,1,train
3.5498491094888265,96,D,1,train
4.659452351333531,24,DDD,0,train
1.6918054170846255,171,D,0,train
1.6918054170846255,171,D,0,train
4.52913468767643,62,DDD,1,train
4.678029627623283,138,D,1,train
4.748468167762071,129,DDDD,0,train
4.494227309163086,158,D,1,train
4.595844368908127,100,DD,1,train
4.595844368908127,100,DD,1,train
3.9101879653261187,84,DD,1,train
4.182361474172852,143,DDD,1,train
4.182361474172852,143,DDD,1,train
4.182361474172852,143,DDD,1,train
3.943575587230932,97,DD,1,train
3.943575587230932,97,DD,1,train
3.943575587230932,97,DD,1,train
2.765285880721643,76,DDD,0,train
2.765285880721643,76,DDD,0,train
2.765285880721643,76,DDD,1,train
2.7934767155919893,160,DD,1,train
2.7934767155919893,160,DD,1,train
3.27138400591003,43,DD,1,train
2.3927677709860804,52,DDD,1,train
1.480480728653904,133,DDDD,0,train
1.463593875303519,41,DD,1,train
1.1542289842359934,87,DDD,0,train
4.092440210021676,183,DD,1,train
4.092440210021676,183,DD,1,train
4.092440210021676,183,DD,0,train
4.092440210021676,183,DD,1,train
4.280089743479007,79,DD,1,train
4.280089743479007,79,DD,1,train
1.9094497963100072,149,DDD,0,train
4.260797581257254,148,DDD,1,train
4.260797581257254,148,DDD,0,train
4.895274787383933,44,DD,1,train
4.895274787383933,44,DD,1,train
2.382022625425338,104,DDDD,0,train
3.0887034760084764,198,DDDD,0,train
3.49157612874301,165,DDD,1,train
3.49157612874301,165,DDD,1,train
3.49157612874301,165,DDD,0,train
3.49157612874301,165,DDD,1,train
1.276730635169558,165,DD,1,train
3.9392550985222443,147,DDD,0,train
3.9392550985222443,147,DDD,1,train
4.686876267483333,147,DDDD,1,train
4.686876267483333,147,DDDD,1,train
4.686876267483333,147,DDDD,1,train
4.686876267483333,147,DDDD,1,train
4.686876267483333,147,DDDD,1,train
4.689194014669791,48,D,1,train
4.689194014669791,48,D,1,train
4.084901851863641,118,D,1,train
4.084901851863641,118,D,1,train
3.0596888077470736,46,DD,1,train
4.72218629664824,164,D,1,val
4.72218629664824,164,D,1,val
4.72218629664824,164,D,1,val
4.467666507615129,27,D,1,val
3.309093345443396,192,DDD,1,val
4.292249030550215,52,DDD,1,val
2.6409546998670717,108,DDD,0,val
2.6409546998670717,108,DDD,0,val
1.170955972083223,2,DD,0,val
3.461730691942631,40,DD,1,val
2.88911992426081,125,DD,1,val
3.105985461637198,130,D,1,val
4.521709514864767,69,DDD,1,val
3.280015289915553,146,D,1,val
3.609715435141009,161,DD,1,val
3.609715435141009,161,DD,1,val
4.345578569178774,89,D,1,val
1.4411197939715557,111,DDD,0,val
4.518573584960592,45,DD,1,val
4.4207935531232225,67,D,1,val
4.4207935531232225,67,D,0,val
1.4805069758302705,62,DDDD,0,val
4.846628517721873,41,DDD,1,val
3.982132832880297,88,DDDD,0,val
3.708812181037494,139,DDDD,0,val
3.090117431670153,93,DD,1,val
3.2911223251074517,37,DD,0,val
3.2911223251074517,37,DD,1,val
2.2961708618870493,18,D,0,val
3.6356657327372712,68,DD,1,val
3.6356657327372712,68,DD,1,val
3.0904385875288,197,D,1,val
3.0904385875288,197,D,1,val
3.0904385875288,197,D,1,val
3.4706800973492533,66,DD,1,val
4.793507398726766,198,DD,1,val
4.793507398726766,198,DD,1,val
4.793507398726766,198,DD,1,val
4.793507398726766,198,DD,1,val
4.793507398726766,198,DD,1,val
3.3996580578747486,54,DDDD,1,val
3.3996580578747486,54,DDDD,0,val
1.7802200007388822,150,D,1,val
1.7802200007388822,150,D,0,val
1.645926512733995,11,DD,0,val
4.568792844370141,10,DDDD,0,val
3.5254074561941473,85,DDDD,0,val
2.421874109383805,138,DDD,1,val
2.421874109383805,138,DDD,1,val
2.3024087965310462,114,D,0,val
2.3024087965310462,114,D,0,val
3.0783331692612195,96,DDD,0,val
4.534564338372151,167,DDDD,1,val
4.534564338372151,167,DDDD,1,val
4.534564338372151,167,DDDD,1,val
3.3114160204680383,8,DD,1,val
3.7572370151284944,184,D,1,val
4.371085421382107,182,DDDD,1,val
4.371085421382107,182,DDDD,1,val
4.371085421382107,182,DDDD,1,val
4.371085421382107,182,DDDD,0,val
4.371085421382107,182,DDDD,1,val
4.371085421382107,182,DDDD,1,val
3.319319440048795,136,DDD,1,val
3.319319440048795,136,DDD,1,val
3.319319440048795,136,DDD,1,val
2.8503710968395475,30,DD,1,val
2.8503710968395475,30,DD,1,val
4.590034837015606,160,DD,1,val
4.590034837015606,160,DD,1,val
2.5258411207393583,55,D,1,val
2.3278843625692662,135,DDD,1,val
4.838691725797748,140,DDDD,1,val
4.838691725797748,140,DDDD,1,val
4.838691725797748,140,DDDD,1,val
4.838691725797748,140,DDDD,1,val
3.9844114803705133,31,DDD,0,val
2.9832273159486498,10,DDD,0,val
4.513681015523034,130,D,1,val
2.867870358792432,34,DD,1,val
3.79378027336221,93,DD,1,val
2.936558912762644,130,DD,1,val
1.6410817148167065,114,DD,0,val
1.5540572362266452,10,DD,1,val
4.490210360687954,86,DDD,0,val
4.490210360687954,86,DDD,1,val
4.490210360687954,86,DDD,0,val
1.7723142950536666,18,D,0,val
1.579653981057362,166,DDD,0,val
4.109879307760305,157,DDDD,0,val
4.109879307760305,157,DDDD,1,val
2.476723776396917,175,DDDD,0,val
2.476723776396917,175,DDDD,0,val
2.476723776396917,175,DDDD,1,val
1.5548340324261374,98,DDDD,0,val
3.1553566753833677,6,DD,1,val
4.637420449857116,91,DDDD,1,val
4.637420449857116,91,DDDD,1,val
4.637420449857116,91,DDDD,1,val
2.8665174947996817,111,DD,1,val
2.8665174947996817,111,DD,1,val
2.8665174947996817,111,DD,1,val
2.8665174947996817,111,DD,1,val
1.8085816783458166,33,DD,1,val
3.8621703607018727,69,DDD,1,val
2.7964008102870075,42,DD,1,val
2.7964008102870075,42,DD,0,val
4.4956010090586185,122,DDDD,0,val
4.4956010090586185,122,DDDD,0,val
4.4956010090586185,122,DDDD,1,val
4.4956010090586185,122,DDDD,0,val
4.4956010090586185,122,DDDD,1,val
3.680790551568762,55,DD,1,val
3.680790551568762,55,DD,1,val
1.9696260166279407,110,DD,1,val
1.9696260166279407,110,DD,1,val
1.9696260166279407,110,DD,0,val
4.082784756409305,158,D,1,val
4.082784756409305,158,D,1,val
4.082784756409305,158,D,0,val
3.8143954083173215,61,DDDD,0,val
4.970342081989175,154,DDDD,1,val
3.57445549086981,142,DD,1,val
3.57445549086981,142,DD,1,val
3.57445549086981,142,DD,1,val
3.57445549086981,142,DD,0,val
3.57445549086981,142,DD,1,val
4.424716704935224,67,DD,1,val
4.424716704935224,67,DD,1,val
4.424716704935224,67,DD,1,val
2.077563321377967,88,D,0,val
4.009465223505639,135,DDDD,1,val
4.009465223505639,135,DDDD,1,val
4.009465223505639,135,DDDD,1,val
4.407535716528293,145,DDD,1,val
4.407535716528293,145,DDD,1,val
4.407535716528293,145,DDD,1,val
1.9796589264933528,37,D,0,val
3.642803830308793,183,DDDD,1,val
3.642803830308793,183,DDDD,1,val
3.642803830308793,183,DDDD,1,val
4.850049177171053,190,DD,1,val
2.2188566992820586,29,DD,1,val
4.490253430118338,34,DDD,1,val
2.973867760368459,149,D,0,val
2.973867760368459,149,D,1,val
2.973867760368459,149,D,1,val
2.973867760368459,149,D,1,val
2.248777257500873,91,D,0,val
2.2724254402843527,109,D,0,val
2.6626874258630306,67,DDDD,1,val
2.1712983038819527,166,DDD,0,val
2.1712983038819527,166,DDD,0,val
3.656181495001045,62,DDD,1,val
2.633452012646171,66,DD,1,val
4.856761190027205,42,DDD,1,val
2.357169318305157,129,DD,0,val
2.264657829048855,29,DDDD,0,val
2.4831776352853714,50,DD,1,val
1.919868986946628,119,DD,0,val
3.496725119550965,79,DD,1,val
3.496725119550965,79,DD,1,val
1.758455877353824,48,DD,1,val
3.931975662110863,146,D,1,val
3.931975662110863,146,D,0,val
3.931975662110863,146,D,1,val
4.6510369480462685,43,DDD,0,val
4.317605650577555,39,DDDD,0,val
4.317605650577555,39,DDDD,1,val
4.983250917933093,92,DD,1,val
3.628743161849199,22,DD,1,val
4.9744980362940066,91,DDD,1,val
3.545096764111234,105,DDDD,1,val
3.7126235903436453,90,DD,0,val
3.7126235903436453,90,DD,1,val
3.7126235903436453,90,DD,1,val
2.1288057652537233,114,D,0,val
2.575427030373155,36,DD,0,val
2.684911643978817,106,DD,0,val
4.75244899478645,109,DDDD,1,val
4.75244899478645,109,DDDD,1,val
3.7258324056188954,7,D,0,test
1.9604060226537245,3,DD,0,test
1.9604060226537245,3,DD,0,test
2.398204969472528,20,DD,0,test
2.398204969472528,20,DD,1,test
1.2865244912792098,6,DDD,0,test
1.2865244912792098,6,DDD,0,test
1.2865244912792098,6,DDD,0,test
1.2865244912792098,6,DDD,0,test
1.2865244912792098,6,DDD,0,test
4.2649206722299215,43,DDDD,0,test
4.2649206722299215,43,DDDD,0,test
4.2649206722299215,43,DDDD,0,test
1.2839963690519758,40,DDD,0,test
1.2839963690519758,40,DDD,0,test
1.2839963690519758,40,DDD,0,test
1.2839963690519758,40,DDD,1,test
2.195187256981799,90,D,0,test
2.195187256981799,90,D,0,test
4.702531649757414,193,D,1,test
4.702531649757414,193,D,1,test
4.702531649757414,193,D,1,test
4.702531649757414,193,D,1,test
3.237638738410021,69,DDD,0,test
3.237638738410021,69,DDD,0,test
3.237638738410021,69,DDD,1,test
3.237638738410021,69,DDD,0,test
1.8715196785049062,2,D,0,test
1.8715196785049062,2,D,0,test
1.8715196785049062,2,D,0,test
1.8715196785049062,2,D,0,test
1.8715196785049062,2,D,0,test
1.8715196785049062,2,D,0,test
4.971548661852907,57,D,1,test
4.971548661852907,57,D,1,test
4.522917928649974,20,D,0,test
1.2727210906892066,20,DDD,0,test
1.2727210906892066,20,DDD,0,test
1.2727210906892066,20,DDD,0,test
1.2727210906892066,20,DDD,0,test
1.9211402493368945,6,DDD,0,test
1.9211402493368945,6,DDD,0,test
1.9211402493368945,6,DDD,0,test
1.9211402493368945,6,DDD,0,test
1.9211402493368945,6,DDD,1,test
3.5690423732452756,2,DDD,1,test
3.5690423732452756,2,DDD,0,test
1.7952126280118468,3,DD,1,test
1.7952126280118468,3,DD,0,test
3.1487117335155688,1,DDDD,0,test
1.6634430428818594,71,DDD,0,test
1.6634430428818594,71,DDD,0,test
1.6634430428818594,71,DDD,0,test
3.690822035482543,52,DDD,0,test
3.690822035482543,52,DDD,0,test
3.690822035482543,52,DDD,0,test
3.690822035482543,52,DDD,1,test
3.690822035482543,52,DDD,0,test
3.1249444679707072,94,DDD,0,test
4.877728974400797,42,DDDD,1,test
4.877728974400797,42,DDDD,0,test
1.5352531101989313,2,DD,1,test
1.5352531101989313,2,DD,1,test
3.1228849966324868,49,D,1,test
3.1228849966324868,49,D,1,test
2.2468955585395816,19,DDD,0,test
2.2468955585395816,19,DDD,0,test
3.4507550516627066,2,DDDD,0,test
3.4507550516627066,2,DDDD,0,test
3.4507550516627066,2,DDDD,0,test
3.4507550516627066,2,DDDD,0,test
1.8130221619608275,121,DDD,0,test
1.8130221619608275,121,DDD,0,test
1.8130221619608275,121,DDD,0,test
4.701569841323385,119,DDD,1,test
4.701569841323385,119,DDD,1,test
4.701569841323385,119,DDD,1,test
4.701569841323385,119,DDD,1,test
4.701569841323385,119,DDD,1,test
4.701569841323385,119,DDD,1,test
4.701569841323385,119,DDD,1,test
2.751687268601848,28,DDD,0,test
2.751687268601848,28,DDD,0,test
2.7270855234294307,9,DD,0,test
2.7270855234294307,9,DD,0,test
2.7270855234294307,9,DD,0,test
2.7270855234294307,9,DD,1,test
2.7270855234294307,9,DD,1,test
2.7270855234294307,9,DD,0,test
4.145300172627727,4,D,0,test
4.145300172627727,4,D,0,test
4.145300172627727,4,D,1,test
4.6300730788443225,2,DDDD,0,test
4.6300730788443225,2,DDDD,0,test
4.6300730788443225,2,DDDD,0,test
2.975895048285608,72,D,0,test
2.975895048285608,72,D,1,test
2.975895048285608,72,D,1,test
2.975895048285608,72,D,1,test
4.085156913253836,168,DD,1,test
4.085156913253836,168,DD,1,test
4.085156913253836,168,DD,1,test
2.0096364451157522,13,DD,1,test
2.0096364451157522,13,DD,1,test
3.771961254801593,2,DD,1,test
3.771961254801593,2,DD,0,test
3.771961254801593,2,DD,0,test
3.771961254801593,2,DD,1,test
3.771961254801593,2,DD,0,test
3.771961254801593,2,DD,0,test
4.706988435381791,9,DD,0,test
4.706988435381791,9,DD,1,test
4.706988435381791,9,DD,1,test
1.4688349775165621,22,DD,0,test
1.4688349775165621,22,DD,0,test
1.4688349775165621,22,DD,1,test
1.4688349775165621,22,DD,0,test
1.4688349775165621,22,DD,0,test
1.4688349775165621,22,DD,0,test
1.537548774741622,10,DDD,0,test
1.537548774741622,10,DDD,0,test
1.537548774741622,10,DDD,0,test
1.537548774741622,10,DDD,0,test
4.90090894864818,1,DD,0,test
4.90090894864818,1,DD,0,test
4.90090894864818,1,DD,0,test
4.90090894864818,1,DD,0,test
1.3649454367930245,188,DDD,0,test
1.1715835891360644,135,D,0,test
1.1715835891360644,135,D,0,test
1.1715835891360644,135,D,0,test
1.1715835891360644,135,D,0,test
1.1715835891360644,135,D,0,test
1.1715835891360644,135,D,0,test
1.1715835891360644,135,D,0,test
3.12701734177091,60,D,1,test
3.12701734177091,60,D,1,test
3.12701734177091,60,D,1,test
3.12701734177091,60,D,1,test
1.8976452838027145,8,D,0,test
1.8976452838027145,8,D,0,test
1.8976452838027145,8,D,0,test
1.8976452838027145,8,D,0,test
1.8976452838027145,8,D,0,test
1.8976452838027145,8,D,0,test
2.1905062707336382,39,DDD,1,test
3.4715747735246554,43,DDDD,1,test
3.4715747735246554,43,DDDD,1,test
3.4715747735246554,43,DDDD,0,test
2.404985746665475,6,DDDD,0,test
2.404985746665475,6,DDDD,0,test
2.404985746665475,6,DDDD,0,test
2.404985746665475,6,DDDD,0,test
4.982616858649784,1,DDDD,0,test
4.982616858649784,1,DDDD,0,test
1.912884126017243,27,DDDD,0,test
1.912884126017243,27,DDDD,0,test
1.912884126017243,27,DDDD,0,test
1.912884126017243,27,DDDD,0,test
4.461101620623272,152,D,1,test
4.461101620623272,152,D,1,test
4.461101620623272,152,D,0,test
4.500891077190478,53,DD,1,test
4.500891077190478,53,DD,1,test
4.500891077190478,53,DD,1,test
4.500891077190478,53,DD,1,test
4.500891077190478,53,DD,1,test
4.500891077190478,53,DD,1,test
2.7503455960753427,3,DDD,1,test
2.7503455960753427,3,DDD,0,test
2.7503455960753427,3,DDD,0,test
4.989345241516329,19,D,1,test
4.989345241516329,19,D,1,test
2.131201199630098,8,D,0,test
2.131201199630098,8,D,0,test
2.131201199630098,8,D,0,test
1.3642549489216522,18,DD,1,test
1.3642549489216522,18,DD,0,test
3.26877989803435,46,DDDD,0,test
3.26877989803435,46,DDDD,0,test
3.26877989803435,46,DDDD,0,test
1.0298870985890987,13,D,1,test
1.0298870985890987,13,D,0,test
1.0298870985890987,13,D,0,test
2.8966550195525427,126,DDD,0,test
4.347215165453115,39,DD,1,test
2.6788283033043374,6,D,0,test
2.6788283033043374,6,D,0,test
2.6788283033043374,6,D,0,test
2.6788283033043374,6,D,1,test
1.8159694761351197,26,D,0,test
1.8159694761351197,26,D,0,test
1.8159694761351197,26,D,0,test
2.0226222022716733,11,DD,0,test
2.0226222022716733,11,DD,1,test
2.0226222022716733,11,DD,0,test
2.0226222022716733,11,DD,1,test
2.0226222022716733,11,DD,0,test
4.655232909472753,66,DD,1,test
4.655232909472753,66,DD,1,test
4.655232909472753,66,DD,1,test
3.6488508165205076,1,DD,0,test
3.6488508165205076,1,DD,0,test
3.6488508165205076,1,DD,0,test
1.6452474651000992,22,DDDD,0,test
1.6452474651000992,22,DDDD,0,test
1.6452474651000992,22,DDDD,0,test
1.6452474651000992,22,DDDD,0,test
1.6452474651000992,22,DDDD,0,test
2.8527738429979874,1,DD,0,test
2.8527738429979874,1,DD,0,test
2.8527738429979874,1,DD,1,test
3.4583751733816586,179,DDDD,0,test
3.4583751733816586,179,DDDD,1,test
3.4583751733816586,179,DDDD,1,test
3.020561643061901,15,DDDD,0,test
4.140355484403642,4,DD,0,test
4.140355484403642,4,DD,1,test
4.140355484403642,4,DD,0,test
4.140355484403642,4,DD,0,test
4.140355484403642,4,DD,0,test
4.140355484403642,4,DD,1,test
4.140355484403642,4,DD,0,test
1.0251698108947442,2,DDDD,0,test
1.0251698108947442,2,DDDD,0,test
2.1242573996902503,6,DDDD,0,test
2.1242573996902503,6,DDDD,0,test
2.1242573996902503,6,DDDD,0,test
2.1242573996902503,6,DDDD,0,test
2.1242573996902503,6,DDDD,0,test
3.298362848316241,29,DDDD,0,test
3.298362848316241,29,DDDD,0,test
3.298362848316241,29,DDDD,0,test
3.1555990150804187,173,D,1,test
1.416320787776185,2,DDD,1,test
1.416320787776185,2,DDD,0,test
1.416320787776185,2,DDD,0,test
1.416320787776185,2,DDD,0,test
1.700864440510419,3,DD,0,test
1.700864440510419,3,DD,0,test
4.011834892254269,4,DDD,0,test
4.011834892254269,4,DDD,0,test
4.011834892254269,4,DDD,0,test
4.011834892254269,4,DDD,0,test
3.1391419400903993,58,D,0,test
3.1391419400903993,58,D,1,test
3.1391419400903993,58,D,1,test
3.1391419400903993,58,D,1,test
3.1391419400903993,58,D,1,test
3.5598694838975056,2,DDD,0,test
3.5598694838975056,2,DDD,0,test
3.5598694838975056,2,DDD,0,test
3.5598694838975056,2,DDD,0,test
4.267008883550819,114,DDD,0,test
4.267008883550819,114,DDD,1,test
4.267008883550819,114,DDD,1,test
4.267008883550819,114,DDD,1,test
2.2557976663544226,45,DDDD,1,test
3.0930011745612664,56,D,1,test
3.0930011745612664,56,D,1,test
3.0930011745612664,56,D,1,test
3.0930011745612664,56,D,0,test
3.0930011745612664,56,D,0,test
3.0930011745612664,56,D,0,test
3.0930011745612664,56,D,1,test
1.5215667818117597,114,DD,0,test
3.6205216099132187,46,DD,1,test
3.6205216099132187,46,DD,1,test
3.6205216099132187,46,DD,1,test
3.6205216099132187,46,DD,1,test
3.6205216099132187,46,DD,1,test
1.1644440045672244,6,DDDD,0,test
1.0034037363655504,8,DDD,0,test
1.0034037363655504,8,DDD,0,test
1.0034037363655504,8,DDD,0,test
4.548289694148254,15,D,1,test
4.857315261053506,2,D,0,test
4.857315261053506,2,D,0,test
4.857315261053506,2,D,0,test
4.62245065012452,7,D,1,test
4.62245065012452,7,D,1,test
4.62245065012452,7,D,0,test
4.62245065012452,7,D,0,test
4.62245065012452,7,D,0,test
1.861846254145227,146,DDDD,0,test
1.861846254145227,146,DDDD,0,test
1.861846254145227,146,DDDD,0,test
4.018631214349432,3,DDDD,0,test
4.018631214349432,3,DDDD,0,test
4.018631214349432,3,DDDD,1,test
4.018631214349432,3,DDDD,0,test
4.018631214349432,3,DDDD,0,test
4.018631214349432,3,DDDD,0,test
2.8258720025328388,5,D,0,test
2.8258720025328388,5,D,0,test
2.8258720025328388,5,D,0,test
2.8258720025328388,5,D,0,test
2.8258720025328388,5,D,0,test
1.2837754708497262,72,DDD,1,test
1.2837754708497262,72,DDD,0,test
4.179944580413039,4,DDD,0,test
4.179944580413039,4,DDD,0,test
4.179944580413039,4,DDD,1,test
4.986202999694448,185,D,1,test
4.986202999694448,185,D,1,test
4.986202999694448,185,D,1,test
4.968468539810617,9,DDDD,0,test
4.968468539810617,9,DDDD,1,test
1.7176816097896546,8,D,0,test
1.7176816097896546,8,D,0,test
1.7176816097896546,8,D,0,test
4.181649854931841,55,DDD,1,test
4.181649854931841,55,DDD,1,test
4.181649854931841,55,DDD,0,test
4.181649854931841,55,DDD,0,test
4.181649854931841,55,DDD,1,test
4.181649854931841,55,DDD,1,test
4.181649854931841,55,DDD,1,test
3.639296390331079,1,DDDD,0,test
3.9058717467332453,2,DD,1,test
3.9058717467332453,2,DD,0,test
3.9058717467332453,2,DD,0,test
3.9058717467332453,2,DD,0,test
3.9058717467332453,2,DD,0,test
3.9058717467332453,2,DD,0,test
4.963602007809701,45,DD,1,test
4.963602007809701,45,DD,1,test
4.963602007809701,45,DD,1,test
4.346477001042228,5,DD,1,test
4.346477001042228,5,DD,0,test
2.566069171780213,41,DDDD,0,test
2.566069171780213,41,DDDD,1,test
2.566069171780213,41,DDDD,0,test
2.566069171780213,41,DDDD,0,test
4.749862481734562,1,DD,0,test
4.749862481734562,1,DD,0,test
4.749862481734562,1,DD,1,test
4.500661904564637,23,DDDD,1,test
4.500661904564637,23,DDDD,0,test
4.500661904564637,23,DDDD,1,test
3.8249343086048477,18,DDDD,0,test
3.8249343086048477,18,DDDD,0,test
3.8249343086048477,18,DDDD,0,test
3.8249343086048477,18,DDDD,0,test
3.8249343086048477,18,DDDD,0,test
4.747837331788048,2,DD,0,test
4.747837331788048,2,DD,0,test
2.849067062421942,2,DD,1,test
2.849067062421942,2,DD,0,test
3.8530249276689785,137,DDD,1,test
3.8530249276689785,137,DDD,0,test
3.8530249276689785,137,DDD,0,test
1.0163491788925918,15,DDD,0,test
3.274324327571201,1,D,0,test
3.274324327571201,1,D,0,test
3.274324327571201,1,D,0,test
3.274324327571201,1,D,0,test
3.274324327571201,1,D,0,test
3.274324327571201,1,D,1,test
3.8947562644116807,2,DDD,0,test
3.8947562644116807,2,DDD,0,test
3.8947562644116807,2,DDD,0,test
2.5320475299949297,35,DDDD,0,test
2.5320475299949297,35,DDDD,0,test
4.471673096691973,13,D,1,test
2.9402712292183804,24,DDDD,0,test
2.1302054233558696,11,DD,0,test
2.1302054233558696,11,DD,1,test
2.1302054233558696,11,DD,1,test
2.1302054233558696,11,DD,0,test
2.1302054233558696,11,DD,1,test
3.19778010347865,135,DDD,1,test
3.19778010347865,135,DDD,1,test
3.19778010347865,135,DDD,0,test
4.622063070713427,79,DDDD,1,test
3.7297954622966967,180,DD,1,test
4.8003174008219,145,DDDD,1,test
4.8003174008219,145,DDDD,1,test
4.8003174008219,145,DDDD,1,test
2.7904771036033003,48,DDD,0,test
2.7904771036033003,48,DDD,0,test
3.633917968132485,1,DDDD,0,test
3.633917968132485,1,DDDD,0,test
3.633917968132485,1,DDDD,0,test
3.513574482398472,199,DDD,0,test
3.513574482398472,199,DDD,1,test
1.9564927013564963,12,DDDD,0,test
1.9564927013564963,12,DDDD,0,test
3.9783020043317197,1,D,0,test
1.2719667340717544,191,DDD,0,test
1.2719667340717544,191,DDD,0,test
3.3004967145703756,21,DD,1,test
3.3004967145703756,21,DD,0,test
3.3004967145703756,21,DD,1,test
3.3004967145703756,21,DD,1,test
3.3004967145703756,21,DD,0,test
3.3004967145703756,21,DD,1,test
3.3004967145703756,21,DD,1,test
1.71205983349016,11,DDD,0,test
1.71205983349016,11,DDD,0,test
1.71205983349016,11,DDD,0,test
1.71205983349016,11,DDD,0,test
1.71205983349016,11,DDD,0,test
1.7533742375788557,1,DDDD,0,test
1.7533742375788557,1,DDDD,0,test
1.7533742375788557,1,DDDD,0,test
4.919326175848358,10,DDDD,0,test
4.919326175848358,10,DDDD,0,test
2.538082676453641,3,DD,1,test
2.538082676453641,3,DD,0,test
2.538082676453641,3,DD,1,test
3.078445745922331,45,D,1,test
3.078445745922331,45,D,0,test
3.660455145307405,1,DDD,0,test
2.9931636794532923,17,DDD,1,test
2.9931636794532923,17,DDD,0,test
2.9931636794532923,17,DDD,0,test
2.9931636794532923,17,DDD,0,test
3.9035057562867927,1,DDDD,0,test
3.9035057562867927,1,DDDD,0,test
3.9035057562867927,1,DDDD,0,test
3.9035057562867927,1,DDDD,0,test
3.9035057562867927,1,DDDD,0,test
3.9035057562867927,1,DDDD,0,test
3.9035057562867927,1,DDDD,0,test
1.1041208986997266,44,DDD,1,test
1.1041208986997266,44,DDD,0,test
3.7068061862792225,156,DDD,1,test
3.7068061862792225,156,DDD,1,test
3.7068061862792225,156,DDD,1,test
3.7068061862792225,156,DDD,1,test
2.297573990077027,1,D,0,test
2.297573990077027,1,D,0,test
2.297573990077027,1,D,0,test
4.517456387850686,2,DDD,0,test
4.517456387850686,2,DDD,0,test
4.517456387850686,2,DDD,0,test
1.573631680914961,15,DDD,0,test
1.573631680914961,15,DDD,0,test
1.573631680914961,15,DDD,0,test
1.1225738560138572,182,DD,0,test
1.1225738560138572,182,DD,0,test
1.1225738560138572,182,DD,0,test
1.243804377940596,9,D,0,test
1.243804377940596,9,D,1,test
3.0887406563971225,26,DDDD,0,test
3.0887406563971225,26,DDDD,0,test
3.0887406563971225,26,DDDD,0,test
1.8609946849640702,57,DDD,0,test
1.8609946849640702,57,DDD,0,test
4.012710777038104,137,DDDD,1,test
1.2221040009927449,3,DDD,0,test
1.2221040009927449,3,DDD,0,test
1.939315592676881,125,DDDD,0,test
1.939315592676881,125,DDDD,0,test
1.939315592676881,125,DDDD,0,test
1.939315592676881,125,DDDD,0,test
1.939315592676881,125,DDDD,0,test
4.320966485482007,28,D,1,test
4.320966485482007,28,D,0,test
4.320966485482007,28,D,1,test
4.320966485482007,28,D,0,test
1.18256463570996,71,DDD,0,test
1.18256463570996,71,DDD,0,test
1.18256463570996,71,DDD,0,test
4.150451267356378,5,DDDD,0,test
4.150451267356378,5,DDDD,1,test
1.4470602369945755,14,DDDD,0,test
1.4470602369945755,14,DDDD,0,test
1.4470602369945755,14,DDDD,0,test
1.4470602369945755,14,DDDD,0,test
4.3710360381138935,3,DDDD,0,test
4.136168711977666,93,D,1,test
4.136168711977666,93,D,1,test
1.875023246314853,3,DD,0,test
1.875023246314853,3,DD,0,test
1.875023246314853,3,DD,0,test
1.875023246314853,3,DD,0,test
1.875023246314853,3,DD,0,test
2.6078898220240117,18,D,0,test
2.8320182415524324,9,D,0,test
2.575106076193232,1,DDD,0,test
2.575106076193232,1,DDD,0,test
2.575106076193232,1,DDD,0,test
2.575106076193232,1,DDD,0,test
2.575106076193232,1,DDD,0,test
2.575106076193232,1,DDD,0,test
1.8441264889350788,9,D,0,test
1.8441264889350788,9,D,0,test
1.9046314804129647,64,DDDD,0,test
1.9046314804129647,64,DDDD,0,test
1.9046314804129647,64,DDDD,0,test
1.9046314804129647,64,DDDD,0,test
1.9046314804129647,64,DDDD,0,test
3.762783463474443,16,DD,1,test
1.6062285009830277,5,D,0,test
1.6062285009830277,5,D,0,test
2.1279463657760953,11,DD,1,test
2.1279463657760953,11,DD,0,test
2.1279463657760953,11,DD,1,test
2.1279463657760953,11,DD,0,test
1.2521032985123752,60,DDD,0,test
1.8724333433404072,34,DD,0,test
1.8724333433404072,34,DD,1,test
1.8724333433404072,34,DD,0,test
1.8724333433404072,34,DD,1,test
1.1512342012869996,2,D,0,test
1.1512342012869996,2,D,1,test
1.1512342012869996,2,D,0,test
3.7933549351823626,17,DDDD,0,test
2.617716341408066,3,D,0,test
2.617716341408066,3,D,0,test
2.617716341408066,3,D,0,test
2.617716341408066,3,D,0,test
2.617716341408066,3,D,0,test
2.617716341408066,3,D,0,test
2.617716341408066,3,D,0,test
2.510673148754298,178,DD,1,test
2.510673148754298,178,DD,1,test
2.510673148754298,178,DD,1,test
2.510673148754298,178,DD,1,test
2.94255294432913,50,DD,1,test
2.94255294432913,50,DD,1,test
2.94255294432913,50,DD,0,test
2.045178458310643,2,D,0,test
2.045178458310643,2,D,0,test
2.441334369205622,4,D,0,test
2.441334369205622,4,D,0,test
2.441334369205622,4,D,0,test
2.441334369205622,4,D,0,test
2.441334369205622,4,D,0,test
3.3638626872595316,2,D,0,test
3.3638626872595316,2,D,0,test
3.3638626872595316,2,D,0,test
1.8980954659724074,7,D,0,test
1.8980954659724074,7,D,0,test
2.8478717887148437,78,DD,1,test
2.8478717887148437,78,DD,0,test
2.8478717887148437,78,DD,1,test
2.8478717887148437,78,DD,0,test
3.2996906051168637,1,D,0,test
3.2996906051168637,1,D,0,test
3.2996906051168637,1,D,0,test
1.5523759888146729,2,DDDD,0,test
1.5523759888146729,2,DDDD,0,test
1.5523759888146729,2,DDDD,0,test
1.5523759888146729,2,DDDD,0,test
1.5523759888146729,2,DDDD,0,test
2.2278797488686535,4,DD,1,test
2.2278797488686535,4,DD,0,test
3.2088491077444177,27,DDD,0,test
3.2088491077444177,27,DDD,1,test
3.2088491077444177,27,DDD,1,test
2.6050392605051527,175,DDDD,0,test
2.6050392605051527,175,DDDD,1,test
2.6050392605051527,175,DDDD,0,test
3.863978417113484,78,D,0,test
1.9252871508692313,3,DDDD,0,test
1.9252871508692313,3,DDDD,0,test
1.9252871508692313,3,DDDD,0,test
2.8828948436295314,43,DD,1,test
2.8828948436295314,43,DD,1,test
2.8828948436295314,43,DD,1,test
4.284184281828789,19,D,0,test
4.284184281828789,19,D,1,test
4.284184281828789,19,D,1,test
4.284184281828789,19,D,0,test
1.5710772667745276,14,DDDD,0,test
1.5710772667745276,14,DDDD,0,test
1.5710772667745276,14,DDDD,0,test
1.5710772667745276,14,DDDD,0,test
4.579711654555803,123,DDDD,1,test
4.579711654555803,123,DDDD,1,test
4.579711654555803,123,DDDD,1,test
4.579711654555803,123,DDDD,1,test
4.579711654555803,123,DDDD,1,test
4.579711654555803,123,DDDD,1,test
2.7889835401115595,23,D,1,test
2.7889835401115595,23,D,0,test
2.7889835401115595,23,D,0,test
2.919361177089072,2,D,0,test
2.919361177089072,2,D,0,test
2.919361177089072,2,D,0,test
3.5436336249424456,2,D,0,test
3.1673342852974775,132,DDDD,1,test
3.1673342852974775,132,DDDD,1,test
3.1673342852974775,132,DDDD,1,test
3.1673342852974775,132,DDDD,0,test
3.1673342852974775,132,DDDD,1,test
4.293000532585859,2,DDDD,0,test
4.293000532585859,2,DDDD,0,test
4.293000532585859,2,DDDD,1,test
4.293000532585859,2,DDDD,0,test
1.7465603850940892,2,DD,0,test
1.7465603850940892,2,DD,0,test
1.5196185359320853,32,DDD,0,test
1.5196185359320853,32,DDD,0,test
2.0539386769234564,3,DD,0,test
2.0539386769234564,3,DD,0,test
2.0539386769234564,3,DD,1,test
4.99125341507766,80,DD,1,test
4.99125341507766,80,DD,1,test
4.99125341507766,80,DD,1,test
1.3954576649304076,9,DDDD,0,test
1.3954576649304076,9,DDDD,1,test
3.1218072373419545,13,D,0,test
3.1218072373419545,13,D,0,test
3.1218072373419545,13,D,1,test
3.1218072373419545,13,D,0,test
4.093522941105126,2,D,0,test
4.330384613381835,1,DDD,0,test
3.20902463075102,30,DDDD,1,test
1.9631473639285346,17,DD,1,test
1.9631473639285346,17,DD,0,test
3.0795857741321147,16,DDD,0,test
3.0795857741321147,16,DDD,0,test
3.9441287304462107,5,DDD,0,test
2.906670810309677,55,DDDD,0,test
2.906670810309677,55,DDDD,0,test
2.089240789839594,8,DD,1,test
2.089240789839594,8,DD,1,test
4.288372099760748,2,DDDD,0,test
4.31645955353113,1,DD,1,test
4.31645955353113,1,DD,0,test
3.202591565273855,6,DD,0,test
3.202591565273855,6,DD,1,test
3.202591565273855,6,DD,0,test
3.202591565273855,6,DD,0,test
3.202591565273855,6,DD,0,test
3.4062400119025793,25,DDD,0,test
3.4062400119025793,25,DDD,0,test
3.4062400119025793,25,DDD,0,test
4.128549317754042,51,D,0,test
4.128549317754042,51,D,0,test
4.128549317754042,51,D,0,test
4.548312790342162,2,DDD,0,test
1.0080476818863526,12,DD,0,test
1.0080476818863526,12,DD,0,test
1.0080476818863526,12,DD,0,test
1.0080476818863526,12,DD,0,test
1.0080476818863526,12,DD,1,test
1.0080476818863526,12,DD,0,test
4.89450798513578,17,D,1,test
2.3764829478916596,77,DDD,0,test
2.3764829478916596,77,DDD,0,test
2.3764829478916596,77,DDD,1,test
2.3764829478916596,77,DDD,0,test
2.47073280176673,1,DDD,0,test
2.47073280176673,1,DDD,0,test
4.377453533315549,17,DDDD,1,test
4.377453533315549,17,DDDD,0,test
4.377453533315549,17,DDDD,0,test
3.9471705557620123,2,DDDD,0,test
1.7156435703791209,21,DDDD,0,test
1.7156435703791209,21,DDDD,0,test
2.6323742230317624,1,DD,0,test
2.6323742230317624,1,DD,1,test
2.6323742230317624,1,DD,0,test
2.6323742230317624,1,DD,0,test
2.6323742230317624,1,DD,1,test
2.6323742230317624,1,DD,1,test
2.6323742230317624,1,DD,0,test
1.0109069262480737,13,D,0,test
1.0109069262480737,13,D,0,test
1.0109069262480737,13,D,0,test
1.0109069262480737,13,D,0,test
1.0109069262480737,13,D,0,test
4.212453284945859,8,DDDD,0,test
4.212453284945859,8,DDDD,0,test
4.212453284945859,8,DDDD,0,test
4.212453284945859,8,DDDD,0,test
4.212453284945859,8,DDDD,0,test
4.212453284945859,8,DDDD,0,test
4.212453284945859,8,DDDD,0,test
1.9451219048777055,2,D,0,test
1.9451219048777055,2,D,0,test
1.3320667611736896,12,DDDD,0,test
1.3320667611736896,12,DDDD,0,test
1.3320667611736896,12,DDDD,1,test
3.6430758747381122,13,DDD,0,test
3.6430758747381122,13,DDD,0,test
1.8763824246862821,1,DD,0,test
1.8763824246862821,1,DD,0,test
3.1960307347192685,36,DDD,1,test
3.1960307347192685,36,DDD,1,test
3.1960307347192685,36,DDD,1,test
3.1960307347192685,36,DDD,0,test
1.6448196170808114,127,DDDD,0,test
4.160433411058385,26,DDD,0,test
4.160433411058385,26,DDD,1,test
4.160433411058385,26,DDD,1,test
4.927894100884751,28,DDD,0,test
4.927894100884751,28,DDD,1,test
4.927894100884751,28,DDD,1,test
1.4299682327475822,53,DD,0,test
1.4299682327475822,53,DD,0,test
1.4299682327475822,53,DD,0,test
4.36565044348939,143,DDD,1,test
4.36565044348939,143,DDD,1,test
4.36565044348939,143,DDD,1,test
4.36565044348939,143,DDD,1,test
2.959158208310873,182,DDDD,1,test
2.959158208310873,182,DDDD,0,test
2.959158208310873,182,DDDD,0,test
2.959158208310873,182,DDDD,0,test
2.959158208310873,182,DDDD,0,test
1.205643461190574,14,DD,0,test
1.205643461190574,14,DD,1,test
3.085230380167442,149,DDD,0,test
3.085230380167442,149,DDD,0,test
2.927691676893689,7,DD,1,test
2.927691676893689,7,DD,0,test
2.927691676893689,7,DD,0,test
4.565652011724447,47,DDDD,0,test
4.565652011724447,47,DDDD,1,test
2.3615671488151313,143,D,0,test
4.029968666306289,1,DDD,0,test
1.529224040178764,131,DDD,0,test
2.554013010231557,109,DDD,0,test
2.554013010231557,109,DDD,0,test
2.554013010231557,109,DDD,0,test
3.157435345710175,3,DDDD,0,test
3.157435345710175,3,DDDD,0,test
3.157435345710175,3,DDDD,0,test
3.157435345710175,3,DDDD,1,test
3.157435345710175,3,DDDD,0,test
1.7260892211786856,9,DDD,0,test
1.7260892211786856,9,DDD,0,test
1.7910801191370376,2,DDD,0,test
1.7910801191370376,2,DDD,0,test
1.7910801191370376,2,DDD,0,test
1.7910801191370376,2,DDD,0,test
1.7910801191370376,2,DDD,0,test
1.9813635268623884,52,DDD,0,test
1.9813635268623884,52,DDD,0,test
1.9813635268623884,52,DDD,0,test
1.9813635268623884,52,DDD,0,test
1.9813635268623884,52,DDD,0,test
1.9813635268623884,52,DDD,0,test
1.9813635268623884,52,DDD,0,test
1.9813635268623884,52,DDD,0,test
3.971185786487918,61,DDD,0,test
3.971185786487918,61,DDD,0,test
4.773963623645644,106,DDDD,1,test
4.773963623645644,106,DDDD,1,test
1.5086211794231947,10,DDDD,0,test
1.5086211794231947,10,DDDD,0,test
1.5086211794231947,10,DDDD,0,test
1.5086211794231947,10,DDDD,0,test
3.191759760711389,28,DDDD,0,test
3.191759760711389,28,DDDD,0,test
3.191759760711389,28,DDDD,0,test
3.191759760711389,28,DDDD,0,test
3.191759760711389,28,DDDD,0,test
3.191759760711389,28,DDDD,0,test
1.5884150995199846,87,D,0,test
1.2170233452581116,2,DDDD,0,test
1.2170233452581116,2,DDDD,0,test
1.2170233452581116,2,DDDD,0,test
1.1578282893821212,2,DDDD,0,test
1.1578282893821212,2,DDDD,0,test
1.1578282893821212,2,DDDD,0,test
2.7156259325983076,76,DD,1,test
2.7156259325983076,76,DD,1,test
2.7156259325983076,76,DD,1,test
2.7156259325983076,76,DD,1,test
2.7012910371721177,10,DD,1,test
2.7012910371721177,10,DD,0,test
2.7012910371721177,10,DD,0,test
2.7012910371721177,10,DD,1,test
2.7012910371721177,10,DD,1,test
2.7012910371721177,10,DD,0,test
2.7012910371721177,10,DD,0,test
2.7012910371721177,10,DD,0,test
2.7012910371721177,10,DD,0,test
3.656769748194854,70,D,1,test
3.656769748194854,70,D,0,test
3.656769748194854,70,D,1,test
2.5597270398761576,1,DD,0,test
2.5597270398761576,1,DD,0,test
1.9188656784913962,2,DDDD,0,test
1.9188656784913962,2,DDDD,0,test
1.3852132220008913,7,DD,0,test
1.3852132220008913,7,DD,1,test
1.3852132220008913,7,DD,1,test
1.3852132220008913,7,DD,0,test
1.3852132220008913,7,DD,0,test
3.284631039316805,8,D,0,test
3.284631039316805,8,D,0,test
3.284631039316805,8,D,0,test
1.8693541208114786,83,DD,1,test
1.8693541208114786,83,DD,0,test
1.8693541208114786,83,DD,1,test
1.8693541208114786,83,DD,1,test
1.8693541208114786,83,DD,1,test
2.5086020647646166,15,DD,0,test
2.5086020647646166,15,DD,0,test
1.070121353851301,129,DDDD,0,test
1.070121353851301,129,DDDD,0,test
1.9961682352103933,9,DD,1,test
1.9961682352103933,9,DD,0,test
1.9961682352103933,9,DD,0,test
1.9961682352103933,9,DD,0,test
3.6040112411745775,1,DDD,0,test
1.492551257035558,11,DDDD,0,test
1.492551257035558,11,DDDD,0,test
1.492551257035558,11,DDDD,0,test
1.492551257035558,11,DDDD,0,test
3.645421536796867,9,DD,1,test
3.645421536796867,9,DD,1,test
3.645421536796867,9,DD,0,test
3.645421536796867,9,DD,1,test
3.645421536796867,9,DD,1,test
3.645421536796867,9,DD,1,test
3.645421536796867,9,DD,1,test
3.645421536796867,9,DD,0,test
4.441683333170358,18,DDDD,0,test
4.441683333170358,18,DDDD,0,test
4.441683333170358,18,DDDD,0,test
4.441683333170358,18,DDDD,0,test
4.477475707766159,30,DDD,0,test
4.477475707766159,30,DDD,1,test
4.477475707766159,30,DDD,1,test
1.629583396491015,1,DD,0,test
1.629583396491015,1,DD,0,test
1.629583396491015,1,DD,0,test
2.869330609676914,26,DDDD,0,test
2.869330609676914,26,DDDD,0,test
4.578254628104531,2,DDDD,0,test
3.9197048012461315,10,DDDD,0,test
4.46554551392132,113,DD,1,test
4.46554551392132,113,DD,1,test
4.46554551392132,113,DD,1,test
2.5475720493069782,2,D,0,test
2.5475720493069782,2,D,0,test
2.5475720493069782,2,D,0,test
2.5475720493069782,2,D,0,test
2.996050657375244,3,DDDD,0,test
2.996050657375244,3,DDDD,0,test
2.996050657375244,3,DDDD,0,test
2.996050657375244,3,DDDD,0,test
2.996050657375244,3,DDDD,0,test
4.580456211538269,9,DDD,1,test
4.580456211538269,9,DDD,0,test
4.580456211538269,9,DDD,0,test
2.7160548433821856,1,DDD,0,test
2.6983630880337213,2,DDD,0,test
2.6983630880337213,2,DDD,0,test
2.6983630880337213,2,DDD,0,test
2.6983630880337213,2,DDD,0,test
3.8320259212211054,13,DD,0,test
3.8320259212211054,13,DD,1,test
3.8320259212211054,13,DD,1,test
3.8320259212211054,13,DD,0,test
3.8320259212211054,13,DD,0,test
3.4528992629614415,21,DDD,0,test
3.4528992629614415,21,DDD,0,test
2.766413972749737,53,DDDD,0,test
2.766413972749737,53,DDDD,0,test
3.1960879921195886,133,DDDD,0,test
3.1960879921195886,133,DDDD,0,test
3.3925955749508927,10,DDDD,0,test
3.3925955749508927,10,DDDD,0,test
3.3925955749508927,10,DDDD,0,test
4.516232810419167,28,DDD,1,test
4.516232810419167,28,DDD,0,test
3.7074847549835748,1,DDDD,0,test
3.7074847549835748,1,DDDD,0,test
3.8550178927113494,12,DDDD,0,test
3.8550178927113494,12,DDDD,0,test
4.879706367669575,100,DD,1,test
1.2706470278750057,23,DDDD,0,test
1.2706470278750057,23,DDDD,0,test
1.2706470278750057,23,DDDD,0,test
1.75045425367176,7,DD,0,test
1.75045425367176,7,DD,0,test
1.75045425367176,7,DD,1,test
2.272489172332105,2,DD,0,test
2.272489172332105,2,DD,0,test
2.272489172332105,2,DD,0,test
2.272489172332105,2,DD,0,test
4.784269374628348,14,DDDD,0,test
1.9142201030414636,130,DD,1,test
1.9142201030414636,130,DD,0,test
1.9142201030414636,130,DD,0,test
3.2603782911135744,1,D,0,test
3.2603782911135744,1,D,0,test
3.2603782911135744,1,D,0,test
3.2603782911135744,1,D,1,test
1.4710445218855885,17,D,0,test
1.4710445218855885,17,D,0,test
1.4710445218855885,17,D,0,test
2.0826688149820107,10,DD,1,test
2.0826688149820107,10,DD,0,test
2.0826688149820107,10,DD,0,test
2.104438858851403,56,DDDD,0,test
2.104438858851403,56,DDDD,0,test
2.104438858851403,56,DDDD,0,test
2.104438858851403,56,DDDD,1,test
3.833865051708095,2,DD,0,test
3.833865051708095,2,DD,0,test
3.833865051708095,2,DD,0,test
1.4353163277468206,2,DDDD,0,test
1.4353163277468206,2,DDDD,0,test
1.4353163277468206,2,DDDD,0,test
1.4353163277468206,2,DDDD,0,test
4.027937976274538,44,DDD,1,test
3.933881688510722,16,DD,1,test
3.933881688510722,16,DD,1,test
2.4662444616570065,1,D,0,test
2.4662444616570065,1,D,0,test
2.4662444616570065,1,D,0,test
2.705604234883535,93,DDDD,0,test
1.503323039615168,187,D,0,test
1.503323039615168,187,D,0,test
1.4273676382768947,34,DDD,0,test
3.1673673617972415,140,DDD,0,test
3.1673673617972415,140,DDD,0,test
3.5482806137503644,55,DD,1,test
3.5482806137503644,55,DD,1,test
3.5482806137503644,55,DD,0,test
1.3685226813113252,38,DDDD,0,test
1.3685226813113252,38,DDDD,0,test
1.5577289751535899,6,D,0,test
1.5577289751535899,6,D,0,test
1.12977100409387,2,D,0,test
1.12977100409387,2,D,0,test
1.12977100409387,2,D,0,test
1.12977100409387,2,D,1,test
1.12977100409387,2,D,1,test
1.6496347914474132,1,DDDD,0,test
1.6496347914474132,1,DDDD,0,test
1.6496347914474132,1,DDDD,0,test
1.6496347914474132,1,DDDD,0,test
1.6496347914474132,1,DDDD,0,test
1.6496347914474132,1,DDDD,0,test
1.6496347914474132,1,DDDD,0,test
1.8903100834953257,11,DDD,0,test
1.8903100834953257,11,DDD,0,test
1.8903100834953257,11,DDD,0,test
1.8903100834953257,11,DDD,0,test
3.7628123818121257,11,DDD,0,test
3.7628123818121257,11,DDD,1,test
3.7628123818121257,11,DDD,0,test
3.7628123818121257,11,DDD,0,test
1.260858588866503,8,D,0,test
1.260858588866503,8,D,0,test
1.260858588866503,8,D,0,test
3.749626036546871,1,DD,0,test
3.749626036546871,1,DD,0,test
2.6217138946474403,3,D,0,test
2.6217138946474403,3,D,0,test
2.6217138946474403,3,D,0,test
2.6217138946474403,3,D,0,test
1.5718148932952527,2,DDD,0,test
1.5718148932952527,2,DDD,0,test
1.5718148932952527,2,DDD,0,test
1.5718148932952527,2,DDD,1,test
1.5718148932952527,2,DDD,0,test
4.929316693126322,1,DDDD,0,test
4.929316693126322,1,DDDD,0,test
4.929316693126322,1,DDDD,0,test
4.929316693126322,1,DDDD,0,test
3.0170760883317844,27,DD,1,test
3.0170760883317844,27,DD,1,test
3.0170760883317844,27,DD,0,test
2.176737110119044,2,D,0,test
1.222020685755083,2,D,0,test
1.222020685755083,2,D,0,test
1.222020685755083,2,D,0,test
1.222020685755083,2,D,0,test
2.257286576373076,2,DDDD,0,test
2.257286576373076,2,DDDD,0,test
2.257286576373076,2,DDDD,0,test
2.257286576373076,2,DDDD,0,test
3.449824925168332,57,D,1,test
3.449824925168332,57,D,1,test
1.9830916475501703,108,DDDD,0,test
1.9830916475501703,108,DDDD,0,test
3.276965803839646,2,D,0,test
3.276965803839646,2,D,0,test
2.113112505582208,26,DDD,0,test
2.113112505582208,26,DDD,0,test
1.1778177096621083,27,D,0,test
1.1778177096621083,27,D,1,test
2.652665047608946,4,DD,0,test
2.652665047608946,4,DD,0,test
2.652665047608946,4,DD,0,test
2.4264811508407433,23,DDD,1,test
1.983560638279894,10,DDD,0,test
3.115887326237488,2,DDD,0,test
3.115887326237488,2,DDD,0,test
3.115887326237488,2,DDD,0,test
2.558491297288818,160,DDD,0,test
2.558491297288818,160,DDD,0,test
2.558491297288818,160,DDD,0,test
4.799781871192083,36,DD,1,test
4.799781871192083,36,DD,1,test
4.799781871192083,36,DD,1,test
3.48491649366103,157,D,1,test
3.48491649366103,157,D,1,test
3.48491649366103,157,D,1,test
3.48491649366103,157,D,1,test
3.48491649366103,157,D,0,test
2.4326165717148163,2,DDD,0,test
2.4326165717148163,2,DDD,0,test
2.4326165717148163,2,DDD,0,test
1.8573467737823295,67,DDDD,1,test
1.8573467737823295,67,DDDD,0,test
3.6604954345774674,9,D,1,test
3.6604954345774674,9,D,0,test
3.6604954345774674,9,D,0,test
3.6604954345774674,9,D,0,test
3.6604954345774674,9,D,0,test
4.680514876593405,138,D,1,test
4.680514876593405,138,D,1,test
4.680514876593405,138,D,1,test
3.5084524428953925,38,DDDD,0,test
3.5084524428953925,38,DDDD,0,test
4.317568970575225,2,DD,0,test
4.317568970575225,2,DD,0,test
4.317568970575225,2,DD,1,test
3.7369146843918846,1,D,0,test
3.7369146843918846,1,D,0,test
4.788726018033925,2,DD,0,test
4.788726018033925,2,DD,0,test
4.788726018033925,2,DD,1,test
2.628835624431977,44,DDD,0,test
2.628835624431977,44,DDD,1,test
2.628835624431977,44,DDD,1,test
4.090900992636589,1,DDD,0,test
4.090900992636589,1,DDD,0,test
4.090900992636589,1,DDD,0,test
3.0367438748870823,13,D,0,test
3.0367438748870823,13,D,0,test
3.0367438748870823,13,D,0,test
1.1979658686225134,19,DDD,0,test
1.1979658686225134,19,DDD,0,test
1.1979658686225134,19,DDD,0,test
1.1979658686225134,19,DDD,0,test
1.0530489610143086,74,DD,0,test
1.0530489610143086,74,DD,0,test
1.0530489610143086,74,DD,0,test
1.0530489610143086,74,DD,0,test
2.7004938600992285,11,DDDD,0,test
2.7004938600992285,11,DDDD,0,test
2.7004938600992285,11,DDDD,0,test
2.7004938600992285,11,DDDD,0,test
2.7004938600992285,11,DDDD,0,test
2.7004938600992285,11,DDDD,0,test
2.7004938600992285,11,DDDD,0,test
2.7004938600992285,11,DDDD,0,test
4.453090149545703,3,DDDD,1,test
4.453090149545703,3,DDDD,0,test
4.453090149545703,3,DDDD,0,test
1.1304926389038683,1,DDD,0,test
1.1304926389038683,1,DDD,0,test
1.1304926389038683,1,DDD,0,test
1.1304926389038683,1,DDD,0,test
1.1304926389038683,1,DDD,0,test
1.1304926389038683,1,DDD,0,test
4.767376405302116,181,D,1,test
4.767376405302116,181,D,1,test
4.53904204795511,29,DD,1,test
4.53904204795511,29,DD,1,test
4.53904204795511,29,DD,1,test
4.494468818391715,1,DDD,1,test
4.494468818391715,1,DDD,0,test
4.494468818391715,1,DDD,0,test
4.494468818391715,1,DDD,0,test
3.5706791238458098,1,DDD,0,test
3.5706791238458098,1,DDD,0,test
3.5706791238458098,1,DDD,0,test
2.8666322493237266,3,D,0,test
2.8666322493237266,3,D,0,test
2.8666322493237266,3,D,0,test
2.8666322493237266,3,D,1,test
4.215975776140638,62,DDD,1,test
4.215975776140638,62,DDD,1,test
4.215975776140638,62,DDD,1,test
4.215975776140638,62,DDD,1,test
1.82469679685927,8,DD,0,test
1.82469679685927,8,DD,0,test
1.82469679685927,8,DD,0,test
2.1691662957528353,15,D,0,test
2.1691662957528353,15,D,0,test
2.1691662957528353,15,D,1,test
2.1691662957528353,15,D,0,test
2.1691662957528353,15,D,0,test
2.1691662957528353,15,D,1,test
2.1691662957528353,15,D,0,test
1.6907731997821474,102,DDDD,0,test
1.6907731997821474,102,DDDD,0,test
1.6907731997821474,102,DDDD,0,test
1.7687251350571427,10,DD,0,test
1.7687251350571427,10,DD,0,test
1.7687251350571427,10,DD,1,test
1.7687251350571427,10,DD,0,test
1.7687251350571427,10,DD,1,test
1.7687251350571427,10,DD,0,test
1.7687251350571427,10,DD,0,test
1.7687251350571427,10,DD,1,test
3.803003674496879,56,DDD,1,test
3.803003674496879,56,DDD,1,test
2.8482890788276154,3,D,0,test
2.8482890788276154,3,D,0,test
2.8482890788276154,3,D,0,test
2.8482890788276154,3,D,0,test
2.8482890788276154,3,D,0,test
2.8482890788276154,3,D,0,test
2.8482890788276154,3,D,0,test
1.1331811397099028,3,DD,0,test
1.1331811397099028,3,DD,0,test
1.1331811397099028,3,DD,0,test
1.1331811397099028,3,DD,0,test
1.3250541465535388,176,DDD,1,test
1.3250541465535388,176,DDD,0,test
1.3250541465535388,176,DDD,0,test
4.717713457827899,29,D,1,test
4.717713457827899,29,D,1,test
4.717713457827899,29,D,1,test
3.9781707503393196,33,D,0,test
3.9781707503393196,33,D,1,test
3.9781707503393196,33,D,0,test
3.9781707503393196,33,D,1,test
3.184039139626534,105,DD,1,test
3.184039139626534,105,DD,1,test
3.184039139626534,105,DD,1,test
3.184039139626534,105,DD,1,test
1.837859210115056,1,DDD,0,test
1.837859210115056,1,DDD,0,test
1.837859210115056,1,DDD,0,test
1.837859210115056,1,DDD,0,test
1.837859210115056,1,DDD,0,test
1.025424557803384,5,DD,0,test
1.025424557803384,5,DD,0,test
4.090599668847022,45,DD,1,test
4.090599668847022,45,DD,1,test
4.090599668847022,45,DD,1,test
1.8561623186803753,148,D,1,test
1.8561623186803753,148,D,0,test
1.8561623186803753,148,D,1,test
1.8561623186803753,148,D,0,test
1.689246108486517,11,DDD,0,test
1.689246108486517,11,DDD,0,test
1.689246108486517,11,DDD,0,test
1.689246108486517,11,DDD,0,test
4.235185539125734,2,D,0,test
4.235185539125734,2,D,0,test
3.4825316247520215,122,DD,1,test
3.4825316247520215,122,DD,1,test
3.4825316247520215,122,DD,1,test
3.565203112243847,1,DDDD,1,test
3.565203112243847,1,DDDD,0,test
3.565203112243847,1,DDDD,0,test
3.565203112243847,1,DDDD,0,test
3.565203112243847,1,DDDD,0,test
4.701749037950475,56,DDD,0,test
4.701749037950475,56,DDD,0,test
4.701749037950475,56,DDD,0,test
4.701749037950475,56,DDD,1,test
4.701749037950475,56,DDD,0,test
3.721844939429336,12,DD,1,test
3.721844939429336,12,DD,1,test
4.844107749437914,3,D,0,test
4.844107749437914,3,D,0,test
4.844107749437914,3,D,0,test
4.844107749437914,3,D,0,test
1.9158440324652783,155,DDDD,0,test
1.9158440324652783,155,DDDD,0,test
1.9158440324652783,155,DDDD,0,test
1.0784089322477266,8,DDD,0,test
1.0784089322477266,8,DDD,0,test
1.0784089322477266,8,DDD,0,test
1.0784089322477266,8,DDD,0,test
1.0784089322477266,8,DDD,0,test
4.686827111711006,1,DDD,0,test
4.686827111711006,1,DDD,0,test
2.057311903000326,61,D,0,test
2.057311903000326,61,D,1,test
2.057311903000326,61,D,0,test
4.892411868689768,5,D,0,test
4.892411868689768,5,D,1,test
4.892411868689768,5,D,0,test
4.892411868689768,5,D,1,test
4.892411868689768,5,D,1,test
1.8961562354166692,30,D,1,test
1.8961562354166692,30,D,0,test
2.1138383815613344,9,DDDD,1,test
2.1138383815613344,9,DDDD,0,test
2.1138383815613344,9,DDDD,0,test
2.1138383815613344,9,DDDD,0,test
2.1138383815613344,9,DDDD,0,test
4.637799291100155,10,D,0,test
4.637799291100155,10,D,1,test
4.637799291100155,10,D,0,test
4.637799291100155,10,D,1,test
4.250620631069969,4,DD,0,test
4.250620631069969,4,DD,1,test
4.250620631069969,4,DD,0,test
4.250620631069969,4,DD,1,test
4.250620631069969,4,DD,0,test
4.250620631069969,4,DD,1,test
1.3895649034637994,65,D,0,test
1.3895649034637994,65,D,0,test
1.3895649034637994,65,D,0,test
3.301884994110241,12,D,1,test
3.301884994110241,12,D,0,test
3.301884994110241,12,D,1,test
3.301884994110241,12,D,0,test
1.6310064248939926,1,DDD,0,test
1.6310064248939926,1,DDD,0,test
1.6310064248939926,1,DDD,0,test
1.6310064248939926,1,DDD,0,test
1.28668630109838,149,DD,0,test
1.28668630109838,149,DD,0,test
1.28668630109838,149,DD,0,test
1.28668630109838,149,DD,0,test
3.449527315218611,14,DDDD,0,test
3.449527315218611,14,DDDD,0,test
3.449527315218611,14,DDDD,0,test
3.449527315218611,14,DDDD,1,test
1.3122100813996935,13,DDDD,0,test
1.3122100813996935,13,DDDD,0,test
2.8875799434241625,6,D,0,test
2.8875799434241625,6,D,0,test
2.8875799434241625,6,D,0,test
2.8875799434241625,6,D,1,test
3.4580510450415045,29,DDDD,0,test
3.4580510450415045,29,DDDD,1,test
3.4580510450415045,29,DDDD,0,test
3.4580510450415045,29,DDDD,0,test
3.4580510450415045,29,DDDD,0,test
3.4580510450415045,29,DDDD,0,test
4.756410686783921,8,DDD,1,test
4.756410686783921,8,DDD,0,test
4.756410686783921,8,DDD,0,test
4.756410686783921,8,DDD,0,test
4.685088796383584,53,DDD,1,test
4.685088796383584,53,DDD,0,test
4.685088796383584,53,DDD,1,test
3.429829817953639,104,DD,1,test
3.429829817953639,104,DD,1,test
3.010850076442107,13,DDDD,0,test
3.6015647290127446,32,DD,1,test
3.6015647290127446,32,DD,1,test
3.6015647290127446,32,DD,1,test
4.699861971324039,5,DD,1,test
4.963761679536271,27,DDDD,1,test
4.963761679536271,27,DDDD,0,test
4.963761679536271,27,DDDD,1,test
4.963761679536271,27,DDDD,0,test
1.1323613316376657,29,D,0,test
1.1323613316376657,29,D,0,test
1.1323613316376657,29,D,0,test
4.212743917761685,2,D,1,test
4.212743917761685,2,D,0,test
1.3000193592091045,47,DDD,0,test
1.3000193592091045,47,DDD,0,test
4.200671513635649,5,DD,1,test
4.200671513635649,5,DD,1,test
3.6505316413746707,8,DDDD,0,test
3.6505316413746707,8,DDDD,0,test
3.6505316413746707,8,DDDD,1,test
3.6505316413746707,8,DDDD,0,test
4.622951765430324,91,D,1,test
2.831189126690609,37,DDD,0,test
2.831189126690609,37,DDD,0,test
2.831189126690609,37,DDD,0,test
2.831189126690609,37,DDD,0,test
3.0133538519124046,2,DDD,0,test
3.0133538519124046,2,DDD,0,test
3.0133538519124046,2,DDD,0,test
3.0133538519124046,2,DDD,0,test
3.0133538519124046,2,DDD,0,test
3.0133538519124046,2,DDD,0,test
3.0133538519124046,2,DDD,0,test
4.34925324804279,20,D,1,test
4.34925324804279,20,D,0,test
4.34925324804279,20,D,1,test
4.34925324804279,20,D,0,test
4.34925324804279,20,D,0,test
4.34925324804279,20,D,0,test
2.9351511780771484,2,DDD,0,test
2.9351511780771484,2,DDD,0,test
2.9351511780771484,2,DDD,0,test
3.1054716055212883,31,DDDD,0,test
1.9774355159838075,8,DD,0,test
1.9774355159838075,8,DD,1,test
1.9774355159838075,8,DD,0,test
1.182652871466657,200,DDD,0,test
1.182652871466657,200,DDD,0,test
1.182652871466657,200,DDD,0,test
3.3321351590409423,5,D,0,test
3.3321351590409423,5,D,0,test
4.370606015369765,3,DDDD,0,test
4.370606015369765,3,DDDD,0,test
4.370606015369765,3,DDDD,0,test
4.081250613992678,3,DDD,0,test
1.9863425582630851,24,DD,1,test
1.9863425582630851,24,DD,1,test
1.9863425582630851,24,DD,0,test
1.9863425582630851,24,DD,0,test
3.3452387560665486,6,DD,1,test
3.3452387560665486,6,DD,0,test
3.3452387560665486,6,DD,1,test
3.3452387560665486,6,DD,0,test
3.3452387560665486,6,DD,0,test
4.266215691766356,2,DDDD,0,test
4.266215691766356,2,DDDD,0,test
4.266215691766356,2,DDDD,0,test
4.266215691766356,2,DDDD,0,test
4.266215691766356,2,DDDD,0,test
4.266215691766356,2,DDDD,0,test
2.4139196924177226,58,D,1,test
2.4139196924177226,58,D,1,test
2.4139196924177226,58,D,0,test
2.4139196924177226,58,D,0,test
2.4139196924177226,58,D,1,test
1.1463878042871345,13,D,1,test
1.1463878042871345,13,D,0,test
1.1463878042871345,13,D,0,test
4.549103248081012,29,D,0,test
4.549103248081012,29,D,1,test
3.6811217123283972,23,DDDD,0,test
3.6811217123283972,23,DDDD,0,test
3.6811217123283972,23,DDDD,0,test
1.727433841167112,17,D,1,test
1.727433841167112,17,D,1,test
1.727433841167112,17,D,0,test
1.727433841167112,17,D,1,test
1.8228166313715581,40,DDD,0,test
1.8228166313715581,40,DDD,1,test
1.8228166313715581,40,DDD,1,test
1.8228166313715581,40,DDD,0,test
1.8228166313715581,40,DDD,0,test
2.59279941983364,18,DDDD,0,test
2.59279941983364,18,DDDD,0,test
2.59279941983364,18,DDDD,1,test
2.905552935352392,133,DDD,0,test
2.905552935352392,133,DDD,0,test
2.3212005647577585,19,DD,0,test
3.062681805990368,131,DD,0,test
3.062681805990368,131,DD,1,test
3.062681805990368,131,DD,1,test
3.062681805990368,131,DD,1,test
4.569801000789143,72,DD,1,test
4.569801000789143,72,DD,1,test
3.5198428299185007,89,D,1,test
3.5198428299185007,89,D,0,test
3.5198428299185007,89,D,0,test
2.478116600408202,116,DDDD,0,test
2.478116600408202,116,DDDD,0,test
2.478116600408202,116,DDDD,0,test
2.478116600408202,116,DDDD,1,test
4.441772320765853,3,DDD,0,test
4.441772320765853,3,DDD,0,test
4.441772320765853,3,DDD,0,test
4.441772320765853,3,DDD,0,test
3.7828922039007233,6,DD,0,test
3.7828922039007233,6,DD,0,test
3.3748953931107195,117,DDDD,0,test
3.3748953931107195,117,DDDD,1,test
3.3748953931107195,117,DDDD,1,test
3.3748953931107195,117,DDDD,1,test
3.0660726622733203,2,DDD,0,test
3.0660726622733203,2,DDD,0,test
1.3513481993111767,13,DDDD,0,test
3.3717405503084588,2,D,0,test
3.3717405503084588,2,D,0,test
3.3717405503084588,2,D,0,test
2.593037112018225,2,D,0,test
3.201316176918944,23,DDDD,0,test
3.201316176918944,23,DDDD,0,test
1.4962600834194077,8,DDDD,0,test
4.144710225380102,9,DD,1,test
4.144710225380102,9,DD,0,test
4.144710225380102,9,DD,1,test
4.144710225380102,9,DD,1,test
3.047824185730016,15,D,0,test
3.047824185730016,15,D,0,test
3.047824185730016,15,D,0,test
3.047824185730016,15,D,0,test
3.047824185730016,15,D,1,test
3.047824185730016,15,D,0,test
4.323722229950398,33,DD,1,test
4.323722229950398,33,DD,1,test
4.323722229950398,33,DD,1,test
4.323722229950398,33,DD,1,test
4.323722229950398,33,DD,1,test
4.323722229950398,33,DD,1,test
1.827249038479875,14,DDDD,0,test
1.827249038479875,14,DDDD,0,test
1.827249038479875,14,DDDD,0,test
1.827249038479875,14,DDDD,0,test
1.827249038479875,14,DDDD,0,test
4.7523366438216215,6,DDD,0,test
3.312738773388714,3,DDD,0,test
3.312738773388714,3,DDD,0,test
1.3027428227507891,12,DDDD,0,test
1.3027428227507891,12,DDDD,0,test
2.2548706821259445,7,DDDD,0,test
2.2548706821259445,7,DDDD,1,test
2.2548706821259445,7,DDDD,0,test
2.2548706821259445,7,DDDD,0,test
4.930739630145443,75,DD,1,test
4.930739630145443,75,DD,1,test
4.930739630145443,75,DD,1,test
4.930739630145443,75,DD,1,test
4.930739630145443,75,DD,1,test
3.4533364775459963,1,DD,0,test
3.4533364775459963,1,DD,0,test
3.4533364775459963,1,DD,0,test
2.6789882071742284,21,D,0,test
2.6789882071742284,21,D,0,test
4.662765661399117,26,DDDD,0,test
4.662765661399117,26,DDDD,1,test
4.662765661399117,26,DDDD,0,test
2.445138473031789,188,DD,1,test
2.445138473031789,188,DD,1,test
2.445138473031789,188,DD,1,test
3.988583042332294,109,DD,1,test
3.988583042332294,109,DD,1,test
1.5850603250863626,16,D,0,test
3.7886387833093926,5,DDDD,0,test
2.9657589882375843,1,D,0,test
2.9657589882375843,1,D,0,test
2.9657589882375843,1,D,0,test
2.9657589882375843,1,D,0,test
2.9657589882375843,1,D,0,test
2.698516965990856,4,DDD,0,test
2.698516965990856,4,DDD,0,test
2.698516965990856,4,DDD,0,test
1.9264367230638473,89,DDD,0,test
1.9264367230638473,89,DDD,0,test
1.9264367230638473,89,DDD,0,test
1.9264367230638473,89,DDD,0,test
1.9264367230638473,89,DDD,0,test
1.9264367230638473,89,DDD,0,test
4.949823405786667,174,D,1,test
1.4944774079490077,41,DDD,1,test
1.4944774079490077,41,DDD,0,test
1.4944774079490077,41,DDD,0,test
1.8139675986691643,25,DDD,0,test
1.8139675986691643,25,DDD,0,test
1.8139675986691643,25,DDD,0,test
1.8139675986691643,25,DDD,0,test
1.8139675986691643,25,DDD,0,test
2.509645305781223,25,DDD,0,test
2.509645305781223,25,DDD,0,test
1.5244814965403362,31,DDD,0,test
1.5244814965403362,31,DDD,0,test
4.741297896812748,1,D,0,test
4.741297896812748,1,D,0,test
4.741297896812748,1,D,1,test
4.641525562902085,7,DDDD,0,test
2.7527711212752153,6,D,0,test
2.7527711212752153,6,D,0,test
2.7527711212752153,6,D,1,test
2.9696027814951247,178,D,1,test
2.9696027814951247,178,D,1,test
2.9696027814951247,178,D,0,test
2.9696027814951247,178,D,1,test
2.9696027814951247,178,D,1,test
2.9696027814951247,178,D,1,test
2.9696027814951247,178,D,1,test
2.9696027814951247,178,D,1,test
1.2483623899408234,1,DDDD,0,test
4.3574914646692555,49,DDD,1,test
4.3574914646692555,49,DDD,0,test
4.3574914646692555,49,DDD,1,test
4.121950151891165,9,DD,0,test
2.5731557807916885,1,DDD,0,test
2.5731557807916885,1,DDD,0,test
2.5731557807916885,1,DDD,0,test
2.5731557807916885,1,DDD,0,test
2.5731557807916885,1,DDD,0,test
2.9083490577796796,7,DD,0,test
3.637447187054853,2,D,1,test
3.637447187054853,2,D,0,test
2.862316147254047,1,D,0,test
2.862316147254047,1,D,1,test
2.862316147254047,1,D,0,test
2.0927615762010405,37,D,0,test
2.0927615762010405,37,D,0,test
2.189941772273127,1,DDDD,0,test
2.189941772273127,1,DDDD,0,test
2.189941772273127,1,DDDD,0,test
2.189941772273127,1,DDDD,0,test
2.189941772273127,1,DDDD,0,test
2.189941772273127,1,DDDD,0,test
3.06925203208181,1,DDDD,0,test
3.06925203208181,1,DDDD,0,test
2.959702714970827,2,DD,0,test
2.959702714970827,2,DD,0,test
1.2231896797857589,11,DDDD,0,test
1.2231896797857589,11,DDDD,0,test
1.2231896797857589,11,DDDD,0,test
1.2231896797857589,11,DDDD,0,test
4.754781665085176,7,DDDD,0,test
4.754781665085176,7,DDDD,0,test
4.754781665085176,7,DDDD,0,test
2.2238835843672757,2,DDDD,0,test
2.2238835843672757,2,DDDD,0,test
1.1593015069364476,30,DDD,0,test
1.1593015069364476,30,DDD,0,test
1.1593015069364476,30,DDD,0,test
1.1593015069364476,30,DDD,0,test
1.2891430455831356,31,DD,1,test
1.6845384164383153,30,D,0,test
1.6845384164383153,30,D,1,test
1.6845384164383153,30,D,0,test
1.6845384164383153,30,D,0,test
1.6845384164383153,30,D,0,test
3.5366256281017425,98,D,1,test
2.4719443298280965,1,DDDD,0,test
4.669200164494159,1,DDDD,0,test
4.669200164494159,1,DDDD,0,test
4.669200164494159,1,DDDD,0,test
4.669200164494159,1,DDDD,0,test
4.173094257383595,16,D,0,test
4.173094257383595,16,D,1,test
4.173094257383595,16,D,0,test
4.173094257383595,16,D,0,test
4.173094257383595,16,D,0,test
2.283347358165402,12,DD,0,test
4.944463209227889,190,DD,1,test
4.944463209227889,190,DD,1,test
4.944463209227889,190,DD,1,test
4.944463209227889,190,DD,1,test
4.944463209227889,190,DD,1,test
4.944463209227889,190,DD,1,test
4.944463209227889,190,DD,1,test
3.665995193193661,7,DDD,0,test
3.665995193193661,7,DDD,1,test
3.665995193193661,7,DDD,0,test
1.069755037804732,8,D,0,test
1.069755037804732,8,D,0,test
2.8523529967826913,84,DDDD,0,test
2.8523529967826913,84,DDDD,1,test
4.641295499284693,27,DDDD,1,test
4.641295499284693,27,DDDD,0,test
2.18384139018646,1,DDDD,0,test
4.707465559819341,1,D,0,test
3.461452616973168,16,DD,1,test
3.461452616973168,16,DD,1,test
3.461452616973168,16,DD,0,test
3.461452616973168,16,DD,1,test
3.461452616973168,16,DD,1,test
3.461452616973168,16,DD,1,test
3.3321745661143134,8,DD,0,test
3.3321745661143134,8,DD,1,test
3.3321745661143134,8,DD,0,test
2.463308413076263,49,D,1,test
4.82769444266345,28,DD,1,test
4.82769444266345,28,DD,1,test
2.722464680888377,1,DDDD,0,test
2.722464680888377,1,DDDD,0,test
3.5375449590113734,1,DDDD,0,test
3.5375449590113734,1,DDDD,0,test
3.548341476506421,86,DDD,1,test
3.548341476506421,86,DDD,1,test
3.548341476506421,86,DDD,0,test
3.573573541433272,2,D,0,test
3.573573541433272,2,D,0,test
2.2241711129115935,20,DDDD,0,test
2.2241711129115935,20,DDDD,1,test
2.2241711129115935,20,DDDD,0,test
2.2241711129115935,20,DDDD,0,test
2.2241711129115935,20,DDDD,0,test
4.458965924936592,146,DD,1,test
4.458965924936592,146,DD,1,test
3.3744141620183408,168,D,1,test
3.3744141620183408,168,D,0,test
3.3744141620183408,168,D,1,test
2.5537823276324843,88,DDD,1,test
2.5537823276324843,88,DDD,1,test
2.5537823276324843,88,DDD,0,test
2.289097438272804,111,DDD,0,test
2.289097438272804,111,DDD,0,test
1.4547389640103838,121,D,0,test
1.4547389640103838,121,D,0,test
3.44096996739455,2,DD,0,test
3.44096996739455,2,DD,0,test
3.44096996739455,2,DD,0,test
3.44096996739455,2,DD,0,test
4.130429771745229,94,D,1,test
4.130429771745229,94,D,1,test
4.130429771745229,94,D,1,test
4.130429771745229,94,D,1,test
4.130429771745229,94,D,0,test
2.689863177032275,9,D,0,test
2.689863177032275,9,D,1,test
4.662643395980028,1,DD,1,test
1.5021426011025074,17,D,0,test
1.5021426011025074,17,D,1,test
1.5021426011025074,17,D,0,test
1.5021426011025074,17,D,0,test
1.5021426011025074,17,D,0,test
1.5021426011025074,17,D,0,test
1.5021426011025074,17,D,0,test
2.951557176776167,2,D,0,test
2.951557176776167,2,D,1,test
3.5697032283022625,2,DDDD,0,test
3.5697032283022625,2,DDDD,0,test
3.2784164454345683,12,DDD,0,test
3.2784164454345683,12,DDD,0,test
3.2784164454345683,12,DDD,0,test
3.2784164454345683,12,DDD,0,test
3.2784164454345683,12,DDD,0,test
4.557977240454065,5,DDD,0,test
4.557977240454065,5,DDD,0,test
4.557977240454065,5,DDD,0,test
3.7361338227280236,107,DD,1,test
3.7361338227280236,107,DD,1,test
4.300132523973622,5,DDD,0,test
4.300132523973622,5,DDD,0,test
4.300132523973622,5,DDD,0,test
4.300132523973622,5,DDD,0,test
4.300132523973622,5,DDD,0,test
3.648503642889381,78,DD,1,test
3.648503642889381,78,DD,1,test
3.648503642889381,78,DD,1,test
3.648503642889381,78,DD,0,test
2.0903351859375654,153,DD,1,test
2.0903351859375654,153,DD,1,test
2.3998453716498345,1,D,0,test
2.3998453716498345,1,D,0,test
2.6327125768637214,4,DDD,0,test
2.6327125768637214,4,DDD,0,test
2.6327125768637214,4,DDD,0,test
4.307229894019359,1,DDDD,0,test
4.307229894019359,1,DDDD,0,test
4.307229894019359,1,DDDD,0,test
3.8437442030817808,161,DDDD,1,test
4.3073694577601795,1,DDDD,0,test
4.3073694577601795,1,DDDD,0,test
4.3073694577601795,1,DDDD,0,test
4.3073694577601795,1,DDDD,0,test
4.3073694577601795,1,DDDD,0,test
4.700545584483236,6,DDDD,0,test
4.700545584483236,6,DDDD,1,test
4.259188635198475,34,DDDD,1,test
4.259188635198475,34,DDDD,0,test
4.259188635198475,34,DDDD,0,test
4.259188635198475,34,DDDD,1,test
4.259188635198475,34,DDDD,0,test
4.259188635198475,34,DDDD,1,test
4.849110299316179,6,DD,0,test
4.799445758217986,1,DDDD,0,test
4.799445758217986,1,DDDD,0,test
4.799445758217986,1,DDDD,0,test
4.799445758217986,1,DDDD,0,test
4.799445758217986,1,DDDD,0,test
4.799445758217986,1,DDDD,0,test
4.799445758217986,1,DDDD,0,test
2.2838471370259414,4,DD,1,test
2.569228237125371,44,D,1,test
2.569228237125371,44,D,0,test
2.569228237125371,44,D,0,test
2.569228237125371,44,D,0,test
2.569228237125371,44,D,1,test
3.762184785220603,77,DDD,1,test
3.762184785220603,77,DDD,0,test
3.762184785220603,77,DDD,1,test
3.762184785220603,77,DDD,0,test
3.762184785220603,77,DDD,1,test
2.8588226831948336,50,DDD,0,test
4.151076114096261,22,DDD,0,test
4.151076114096261,22,DDD,1,test
4.151076114096261,22,DDD,0,test
4.151076114096261,22,DDD,1,test
3.383481115902801,182,DDDD,1,test
3.383481115902801,182,DDDD,1,test
3.383481115902801,182,DDDD,0,test
3.383481115902801,182,DDDD,0,test
3.383481115902801,182,DDDD,1,test
3.383481115902801,182,DDDD,0,test
1.581580475966157,16,DDD,0,test
1.581580475966157,16,DDD,0,test
1.581580475966157,16,DDD,0,test
1.581580475966157,16,DDD,0,test
1.6852577229198515,4,DDD,0,test
1.6852577229198515,4,DDD,0,test
1.6852577229198515,4,DDD,0,test
2.2531489162463703,24,DDDD,0,test
2.2531489162463703,24,DDDD,0,test
2.2531489162463703,24,DDDD,0,test
1.3048413920354593,12,D,0,test
1.3048413920354593,12,D,0,test
1.3048413920354593,12,D,0,test
4.841004950864753,30,DDDD,0,test
4.841004950864753,30,DDDD,1,test
4.841004950864753,30,DDDD,0,test
2.9084289256640647,2,DDDD,0,test
2.9084289256640647,2,DDDD,0,test
2.9084289256640647,2,DDDD,0,test
2.7438450127793206,103,DDDD,0,test
2.7438450127793206,103,DDDD,0,test
2.7438450127793206,103,DDDD,0,test
2.7438450127793206,103,DDDD,1,test
2.7438450127793206,103,DDDD,0,test
4.387519455615667,37,D,1,test
4.3259045920441555,60,D,1,test
4.3259045920441555,60,D,1,test
4.3259045920441555,60,D,1,test
4.3259045920441555,60,D,1,test
1.535936035327751,2,DDD,0,test
4.2469775995894565,16,DDD,0,test
4.2469775995894565,16,DDD,0,test
3.042813450007027,39,DDD,0,test
3.042813450007027,39,DDD,0,test
3.042813450007027,39,DDD,0,test
2.292508379348186,16,D,0,test
2.292508379348186,16,D,0,test
2.292508379348186,16,D,0,test
1.4335169166203503,2,DDD,0,test
1.4335169166203503,2,DDD,0,test
1.4335169166203503,2,DDD,0,test
1.4335169166203503,2,DDD,0,test
1.4335169166203503,2,DDD,0,test
1.4335169166203503,2,DDD,0,test
1.4335169166203503,2,DDD,0,test
3.368910953798294,1,DDD,0,test
3.368910953798294,1,DDD,0,test
4.1213260231880575,26,DDD,0,test
4.542698062526562,68,DD,1,test
4.542698062526562,68,DD,1,test
4.542698062526562,68,DD,1,test
4.886476411225007,196,DD,1,test
4.886476411225007,196,DD,1,test
4.886476411225007,196,DD,1,test
4.886476411225007,196,DD,1,test
4.886476411225007,196,DD,1,test
4.886476411225007,196,DD,1,test
1.4927540844483005,20,DDD,0,test
1.4927540844483005,20,DDD,0,test
1.4927540844483005,20,DDD,0,test
2.5871360014469045,3,D,0,test
2.5871360014469045,3,D,0,test
2.5871360014469045,3,D,0,test
2.5871360014469045,3,D,0,test
1.1947058386765486,9,DDD,0,test
1.1947058386765486,9,DDD,0,test
3.5429759335803013,2,D,0,test
3.5429759335803013,2,D,0,test
3.5429759335803013,2,D,0,test
3.5429759335803013,2,D,0,test
3.5429759335803013,2,D,0,test
3.5429759335803013,2,D,1,test
4.550678438577466,9,DD,0,test
4.550678438577466,9,DD,1,test
4.550678438577466,9,DD,1,test
3.7490522755252402,86,DD,1,test
3.7490522755252402,86,DD,1,test
3.7490522755252402,86,DD,1,test
3.7490522755252402,86,DD,1,test
2.5548365439349725,8,DDD,0,test
2.5548365439349725,8,DDD,0,test
4.039695423955449,1,DD,0,test
4.039695423955449,1,DD,0,test
4.039695423955449,1,DD,1,test
1.0044881574818647,35,DDD,0,test
4.312223241323812,39,D,1,test
4.312223241323812,39,D,0,test
4.312223241323812,39,D,1,test
4.312223241323812,39,D,1,test
2.3050864674765648,3,D,1,test
3.988265881598735,73,DD,1,test
1.9481634408176447,4,DD,0,test
1.9481634408176447,4,DD,0,test
1.8072816186436476,19,DDDD,0,test
1.8072816186436476,19,DDDD,0,test
1.8072816186436476,19,DDDD,0,test
1.8072816186436476,19,DDDD,0,test
1.8072816186436476,19,DDDD,0,test
4.238392546786391,5,DDD,0,test
4.238392546786391,5,DDD,0,test
4.238392546786391,5,DDD,0,test
4.06955267457129,39,DDD,1,test
4.06955267457129,39,DDD,1,test
4.2448819634743185,7,DD,0,test
4.029360546495742,57,D,1,test
4.029360546495742,57,D,1,test
1.3834481835550925,13,D,0,test
1.3834481835550925,13,D,0,test
1.3834481835550925,13,D,0,test
1.3834481835550925,13,D,1,test
1.3834481835550925,13,D,1,test
1.3834481835550925,13,D,0,test
4.531513663444304,30,DD,1,test
